50,2016-01-22-46,0.0
50,2016-01-22-58,0.0
50,2016-01-22-70,0.4375
50,2016-01-22-82,0.125106811523
50,2016-01-22-94,0.312530543655
50,2016-01-22-106,7.63014022596e-05
50,2016-01-22-118,1.8628272036e-08
50,2016-01-22-130,4.54791797755e-12
50,2016-01-22-142,0.0625
43,2016-01-22-46,2.22044604925e-16
43,2016-01-22-58,0.125
43,2016-01-22-70,0.937530517578
43,2016-01-22-82,0.187728889287
43,2016-01-22-94,0.625045832248
43,2016-01-22-106,1.25015259908
43,2016-01-22-118,0.750305213037
43,2016-01-22-130,0.375183179984
43,2016-01-22-142,0.0625915974561
63,2016-01-22-46,0.25
63,2016-01-22-58,0.125061035156
63,2016-01-22-70,3.05324792862e-05
63,2016-01-22-82,7.45421857573e-09
63,2016-01-22-94,0.125000000002
63,2016-01-22-106,1.31253051758
63,2016-01-22-118,0.000320442020893
63,2016-01-22-130,7.82329152571e-08
63,2016-01-22-142,1.90998328264e-11
46,2016-01-22-46,6.5
46,2016-01-22-58,67.5640869141
46,2016-01-22-70,12.5789951384
46,2016-01-22-82,1.75307104373
46,2016-01-22-94,2.18792799586
46,2016-01-22-106,4.50053416211
46,2016-01-22-118,1.56359876322
46,2016-01-22-130,4.18788173798
46,2016-01-22-142,2.00102243206
56,2016-01-22-46,7.10905976598e-15
56,2016-01-22-58,0.25
56,2016-01-22-70,0.312561035156
56,2016-01-22-82,7.63088464737e-05
56,2016-01-22-94,0.12500001863
56,2016-01-22-106,0.250030517583
56,2016-01-22-118,0.125061042607
56,2016-01-22-130,1.12503053248
56,2016-01-22-142,0.250274665657
6,2016-01-22-46,1.0
6,2016-01-22-58,16.6252441406
6,2016-01-22-70,5.8790588975
6,2016-01-22-82,6.62643531711
6,2016-01-22-94,1.06411778206
6,2016-01-22-106,0.12525979438
6,2016-01-22-118,0.187530581004
6,2016-01-22-130,0.125045783833
6,2016-01-22-142,3.05287558187e-05
66,2016-01-22-46,0.25
66,2016-01-22-58,0.0625610351562
66,2016-01-22-70,0.12501527369
66,2016-01-22-82,3.05213070533e-05
66,2016-01-22-94,7.4514909798e-09
66,2016-01-22-106,0.687500000002
66,2016-01-22-118,0.25016784668
66,2016-01-22-130,6.10761344433e-05
66,2016-01-22-142,0.312500014911
31,2016-01-22-46,1.1875
31,2016-01-22-58,1.75028991699
31,2016-01-22-70,2.62542731687
31,2016-01-22-82,0.438140973466
31,2016-01-22-94,1.18760696801
31,2016-01-22-106,1.06278994311
31,2016-01-22-118,1.3127594702
31,2016-01-22-130,0.812820497918
31,2016-01-22-142,1.0001984425
18,2016-01-22-46,0.125
18,2016-01-22-58,1.56253051758
18,2016-01-22-70,1.31288147718
18,2016-01-22-82,2.1253205277
18,2016-01-22-94,1.06301887708
18,2016-01-22-106,1.18775952609
18,2016-01-22-118,0.00028998035305
18,2016-01-22-130,7.07959846314e-08
18,2016-01-22-142,1.50000000002
28,2016-01-22-46,1.6875
28,2016-01-22-58,3.5629119873
28,2016-01-22-70,2.56336985156
28,2016-01-22-82,1.87562582272
28,2016-01-22-94,2.62545791646
28,2016-01-22-106,13.3756409809
28,2016-01-22-118,6.69076553735
28,2016-01-22-130,63.6266334877
28,2016-01-22-142,12.5155338461
14,2016-01-22-46,12.125
14,2016-01-22-58,2.56546020508
14,2016-01-22-70,0.625626333058
14,2016-01-22-82,0.750152740804
14,2016-01-22-94,3.87518314276
14,2016-01-22-106,27.2509460896
14,2016-01-22-118,2.75665306301
14,2016-01-22-130,8.313173011
14,2016-01-22-142,3.81452958325
16,2016-01-22-46,0.25
16,2016-01-22-58,3.50006103516
16,2016-01-22-70,1.81335450709
16,2016-01-22-82,1.5629427135
16,2016-01-22-94,0.500381577811
16,2016-01-22-106,0.375122163471
16,2016-01-22-118,0.250091582559
16,2016-01-22-130,6.10575152733e-05
16,2016-01-22-142,0.250000014907
21,2016-01-22-46,0.5625
21,2016-01-22-58,0.812637329102
21,2016-01-22-70,0.375198397785
21,2016-01-22-82,2.18759160117
21,2016-01-22-94,1.00053407998
21,2016-01-22-106,2.43774427102
21,2016-01-22-118,1.25059515241
21,2016-01-22-130,2.37530532108
21,2016-01-22-142,1.25057990853
24,2016-01-22-46,4.9375
24,2016-01-22-58,46.4387054443
24,2016-01-22-70,28.1988375746
24,2016-01-22-82,25.5693844818
24,2016-01-22-94,6.44374252551
24,2016-01-22-106,1.50157317933
24,2016-01-22-118,0.750366595014
24,2016-01-22-130,1.87518319497
24,2016-01-22-142,1.0629578084
25,2016-01-22-46,0.0625
25,2016-01-22-58,17.4375152588
25,2016-01-22-70,2.87925720587
25,2016-01-22-82,0.438202943654
25,2016-01-22-94,0.437606983141
25,2016-01-22-106,0.625106837642
25,2016-01-22-118,0.625152613974
25,2016-01-22-130,0.56265262515
25,2016-01-22-142,0.625137366364
47,2016-01-22-46,0.3125
47,2016-01-22-58,1.93757629395
47,2016-01-22-70,4.25047304109
47,2016-01-22-82,4.37603771314
47,2016-01-22-94,1.25106836858
47,2016-01-22-106,0.500305436613
47,2016-01-22-118,0.000122144881986
47,2016-01-22-130,0.625000029821
47,2016-01-22-142,0.875152587898
55,2016-01-22-46,3.10916657006e-15
55,2016-01-22-58,0.4375
55,2016-01-22-70,0.500106811523
55,2016-01-22-82,0.000122096389532
55,2016-01-22-94,2.98086888506e-08
55,2016-01-22-106,0.125000000007
55,2016-01-22-118,3.05175781268e-05
55,2016-01-22-130,7.45058059736e-09
55,2016-01-22-142,1.81898940365e-12
35,2016-01-22-46,0.125
35,2016-01-22-58,0.750030517578
35,2016-01-22-70,0.000183112919331
35,2016-01-22-82,6.18750004471
35,2016-01-22-94,0.814010620128
35,2016-01-22-106,8.75019873306
35,2016-01-22-118,6.56463627899
35,2016-01-22-130,0.689102694404
35,2016-01-22-142,0.312668237963
23,2016-01-22-46,16.4375
23,2016-01-22-58,51.3790130615
23,2016-01-22-70,24.2625437044
23,2016-01-22-82,10.8809234726
23,2016-01-22-94,18.7526564755
23,2016-01-22-106,73.5045782853
23,2016-01-22-118,5.08044545368
23,2016-01-22-130,59.3137403431
23,2016-01-22-142,10.3269808936
60,2016-01-22-46,0.25
60,2016-01-22-58,6.103515625e-05
60,2016-01-22-70,0.250000014901
60,2016-01-22-82,0.68756103516
60,2016-01-22-94,0.00016786158085
60,2016-01-22-106,4.09818312621e-08
60,2016-01-22-118,0.25000000001
60,2016-01-22-130,1.25006103516
60,2016-01-22-142,0.000305190682411
13,2016-01-22-46,0.25
13,2016-01-22-58,3.43756103516
13,2016-01-22-70,0.1258392483
13,2016-01-22-82,0.500030722473
13,2016-01-22-94,0.000122077813104
13,2016-01-22-106,0.250000029804
13,2016-01-22-118,0.250061035164
13,2016-01-22-130,0.375061050057
13,2016-01-22-142,0.812591567639
5,2016-01-22-46,0.125
5,2016-01-22-58,1.18753051758
5,2016-01-22-70,0.375289924443
5,2016-01-22-82,0.0625916235167
5,2016-01-22-94,0.125015281158
5,2016-01-22-106,0.125030521309
5,2016-01-22-118,0.0625305250296
5,2016-01-22-130,0.250015266241
5,2016-01-22-142,6.10388833597e-05
10,2016-01-22-46,0.25
10,2016-01-22-58,3.25006103516
10,2016-01-22-70,0.250793471932
10,2016-01-22-82,0.750061228875
10,2016-01-22-94,0.625183120417
10,2016-01-22-106,0.000152632597758
10,2016-01-22-118,3.7263817812e-08
10,2016-01-22-130,0.0625000000091
10,2016-01-22-142,0.500015258789
38,2016-01-22-46,0.3125
38,2016-01-22-58,5.31257629395
38,2016-01-22-70,2.0637970157
38,2016-01-22-82,0.375503856693
38,2016-01-22-94,0.375091675746
38,2016-01-22-106,0.250091575116
38,2016-01-22-118,0.0625610575135
38,2016-01-22-130,1.3750152737
38,2016-01-22-142,0.000335697088305
29,2016-01-22-46,0.375
29,2016-01-22-58,2.81259155273
29,2016-01-22-70,6.18818666786
29,2016-01-22-82,2.06401078776
29,2016-01-22-94,0.375503908884
29,2016-01-22-106,2.87509167576
29,2016-01-22-118,0.188201926679
29,2016-01-22-130,0.500045947736
29,2016-01-22-142,0.56262208153
33,2016-01-22-46,0.375
33,2016-01-22-58,0.187591552734
33,2016-01-22-70,1.50004579872
33,2016-01-22-82,2.25036622212
33,2016-01-22-94,0.438049405816
33,2016-01-22-106,0.937606945656
33,2016-01-22-118,0.375228907946
33,2016-01-22-130,0.25009160862
33,2016-01-22-142,0.625061057522
26,2016-01-22-46,2.22066296914e-15
26,2016-01-22-58,39.875
26,2016-01-22-70,2.38473510742
26,2016-01-22-82,17.9380822107
26,2016-01-22-94,5.0043794146
26,2016-01-22-106,11.6262217723
26,2016-01-22-118,50.315338433
26,2016-01-22-130,1.76228401817
26,2016-01-22-142,1.25043024512
3,2016-01-22-46,4.44242063623e-15
3,2016-01-22-58,0.9375
3,2016-01-22-70,1.43772888184
3,2016-01-22-82,0.312851008028
3,2016-01-22-94,0.250076379641
3,2016-01-22-106,1.3750610538
3,2016-01-22-118,0.437835708265
3,2016-01-22-130,0.000106893483463
3,2016-01-22-142,0.187500026097
48,2016-01-22-46,4.1875
48,2016-01-22-58,3.87602233887
48,2016-01-22-70,2.37594629452
48,2016-01-22-82,4.37558006501
48,2016-01-22-94,35.3760682569
48,2016-01-22-106,159.321136735
48,2016-01-22-118,7.9763967619
48,2016-01-22-130,70.5644473625
48,2016-01-22-142,19.2672276483
39,2016-01-22-46,0.625
39,2016-01-22-58,0.937652587891
39,2016-01-22-70,0.0627289190888
39,2016-01-22-82,0.250015314678
39,2016-01-22-94,0.312561038895
39,2016-01-22-106,0.125076308847
39,2016-01-22-118,0.937530536208
39,2016-01-22-130,2.87522888929
39,2016-01-22-142,1.12570196018
40,2016-01-22-46,0.375
40,2016-01-22-58,1.00009155273
40,2016-01-22-70,0.562744162977
40,2016-01-22-82,0.687637388712
40,2016-01-22-94,0.125167880222
40,2016-01-22-106,0.375030558565
40,2016-01-22-118,9.1560194962e-05
40,2016-01-22-130,2.23535632232e-08
40,2016-01-22-142,1.06250000001
12,2016-01-22-46,1.0625
12,2016-01-22-58,2.43775939941
12,2016-01-22-70,0.688095156103
12,2016-01-22-82,2.75016799198
12,2016-01-22-94,1.50067142773
12,2016-01-22-106,4.93786637486
12,2016-01-22-118,2.56370553378
12,2016-01-22-130,2.62562590467
12,2016-01-22-142,6.43814102195
49,2016-01-22-46,0.1875
49,2016-01-22-58,0.500045776367
49,2016-01-22-70,0.625122081488
49,2016-01-22-82,0.000152617695676
49,2016-01-22-94,0.31250003726
49,2016-01-22-106,0.125076293954
49,2016-01-22-118,3.05362045787e-05
49,2016-01-22-130,0.312500007455
49,2016-01-22-142,7.62939471326e-05
52,2016-01-22-46,2.71050549588e-19
52,2016-01-22-58,0.75
52,2016-01-22-70,0.250183105469
52,2016-01-22-82,6.10798597336e-05
52,2016-01-22-94,1.49120751303e-08
52,2016-01-22-106,0.125000000004
52,2016-01-22-118,0.187530517578
52,2016-01-22-130,4.57838177681e-05
52,2016-01-22-142,1.11776898848e-08
65,2016-01-22-46,3.97111317511e-23
65,2016-01-22-58,1.5
65,2016-01-22-70,0.0003662109375
65,2016-01-22-82,1.25000008941
65,2016-01-22-94,0.125305175803
65,2016-01-22-106,0.125030592084
65,2016-01-22-118,3.05250468955e-05
65,2016-01-22-130,0.250000007452
65,2016-01-22-142,6.10351580694e-05
30,2016-01-22-46,2.16840440961e-19
30,2016-01-22-58,1.0
30,2016-01-22-70,0.375244140625
30,2016-01-22-82,9.16123390198e-05
30,2016-01-22-94,2.2366293706e-08
30,2016-01-22-106,5.46052092432e-12
30,2016-01-22-118,1.33313499129e-15
30,2016-01-22-130,0.4375
30,2016-01-22-142,0.250106811523
8,2016-01-22-46,67.875
8,2016-01-22-58,76.8915710449
8,2016-01-22-70,17.2687723562
8,2016-01-22-82,52.9417160089
8,2016-01-22-94,42.4504252236
8,2016-01-22-106,131.947863873
8,2016-01-22-118,12.094713834
8,2016-01-22-130,96.940452811
8,2016-01-22-142,4.89866710274
44,2016-01-22-46,1.74035616238e-14
44,2016-01-22-58,0.875
44,2016-01-22-70,0.000213623046875
44,2016-01-22-82,0.0625000521541
44,2016-01-22-94,0.250015258802
44,2016-01-22-106,0.687561038882
44,2016-01-22-118,0.000167861581758
44,2016-01-22-130,0.312500040982
44,2016-01-22-142,0.0625762939553
22,2016-01-22-46,2.8125
22,2016-01-22-58,4.18818664551
22,2016-01-22-70,5.18852250651
22,2016-01-22-82,4.75126672913
22,2016-01-22-94,8.12615997723
22,2016-01-22-106,12.9394839258
22,2016-01-22-118,11.0031590537
22,2016-01-22-130,6.87768631813
22,2016-01-22-142,7.81417912264
34,2016-01-22-46,0.125
34,2016-01-22-58,0.0625305175781
34,2016-01-22-70,1.18751526624
34,2016-01-22-82,0.0627899207193
34,2016-01-22-94,0.25001532957
34,2016-01-22-106,0.125061038899
34,2016-01-22-118,3.05324801999e-05
34,2016-01-22-130,0.0625000074542
34,2016-01-22-142,0.250015258791
1,2016-01-22-46,1.625
1,2016-01-22-58,3.06289672852
1,2016-01-22-70,1.12574777752
1,2016-01-22-82,1.68777484077
1,2016-01-22-94,1.4379120544
1,2016-01-22-106,3.31285105275
1,2016-01-22-118,2.50080880153
1,2016-01-22-130,4.18811054902
1,2016-01-22-142,4.25102248793
20,2016-01-22-46,0.375
20,2016-01-22-58,2.68759155273
20,2016-01-22-70,1.75065615028
20,2016-01-22-82,2.31292740629
20,2016-01-22-94,2.00056467954
20,2016-01-22-106,4.62548841911
20,2016-01-22-118,4.06362926963
20,2016-01-22-130,5.31349209699
20,2016-01-22-142,1.81379723928
7,2016-01-22-46,7.9375
7,2016-01-22-58,4.50193786621
7,2016-01-22-70,2.12609910592
7,2016-01-22-82,19.1255190672
7,2016-01-22-94,58.7546693162
7,2016-01-22-106,269.451844402
7,2016-01-22-118,21.1907841417
7,2016-01-22-130,56.5051735313
7,2016-01-22-142,3.88879520838
19,2016-01-22-46,0.6875
19,2016-01-22-58,0.18766784668
19,2016-01-22-70,1.25004581735
19,2016-01-22-82,0.625305186967
19,2016-01-22-94,0.687652662399
19,2016-01-22-106,2.00016788395
19,2016-01-22-118,0.875488322237
19,2016-01-22-130,1.25021374227
19,2016-01-22-142,0.875305227964
62,2016-01-22-46,0.5
62,2016-01-22-58,0.125122070312
62,2016-01-22-70,0.25003054738
62,2016-01-22-82,6.10426141066e-05
62,2016-01-22-94,1.49029819596e-08
62,2016-01-22-106,0.562500000004
62,2016-01-22-118,1.0626373291
62,2016-01-22-130,1.12525943294
62,2016-01-22-142,0.500274721541
17,2016-01-22-46,0.125
17,2016-01-22-58,0.687530517578
17,2016-01-22-70,0.75016785413
17,2016-01-22-82,0.0626831464488
17,2016-01-22-94,0.250015303503
17,2016-01-22-106,0.312561038892
17,2016-01-22-118,0.250076308847
17,2016-01-22-130,0.250061053786
17,2016-01-22-142,0.625061050062
37,2016-01-22-46,15.625
37,2016-01-22-58,157.253814697
37,2016-01-22-70,12.7883920446
37,2016-01-22-82,46.690622166
37,2016-01-22-94,25.0738990777
37,2016-01-22-106,75.7561215574
37,2016-01-22-118,3.26849514686
37,2016-01-22-130,13.4382979724
37,2016-01-22-142,2.75328083447
4,2016-01-22-46,1.5
4,2016-01-22-58,36.4378662109
4,2016-01-22-70,5.13389596343
4,2016-01-22-82,10.6262533926
4,2016-01-22-94,3.37759430014
4,2016-01-22-106,4.12582460798
4,2016-01-22-118,9.6260072814
4,2016-01-22-130,3.87735009943
4,2016-01-22-142,0.688446618677
9,2016-01-22-46,0.375
9,2016-01-22-58,2.37509155273
9,2016-01-22-70,0.250579856336
9,2016-01-22-82,1.37506117672
9,2016-01-22-94,1.0003357083
9,2016-01-22-106,1.06274422259
9,2016-01-22-118,1.06275945904
9,2016-01-22-130,0.375259462759
9,2016-01-22-142,0.81259161608
57,2016-01-22-46,2.88690534973e-15
57,2016-01-22-58,1.9375
57,2016-01-22-70,0.437973022461
57,2016-01-22-82,0.0626069270074
57,2016-01-22-94,0.562515284894
57,2016-01-22-106,0.562637332833
57,2016-01-22-118,0.000137362630086
57,2016-01-22-130,3.35357983609e-08
57,2016-01-22-142,8.1874507717e-12
64,2016-01-22-46,2.90876683511e-26
64,2016-01-22-58,0.25
64,2016-01-22-70,0.375061035156
64,2016-01-22-82,9.15676355362e-05
64,2016-01-22-94,2.23553797696e-08
64,2016-01-22-106,0.250000000005
64,2016-01-22-118,6.10351562513e-05
64,2016-01-22-130,0.625000014901
64,2016-01-22-142,0.125152587894
54,2016-01-22-46,4.44631310949e-16
54,2016-01-22-58,0.4375
54,2016-01-22-70,0.0626068115234
54,2016-01-22-82,1.52848660946e-05
54,2016-01-22-94,0.125000003732
54,2016-01-22-106,0.312530517579
54,2016-01-22-118,0.250076301396
54,2016-01-22-130,0.250061053785
54,2016-01-22-142,0.375061050062
45,2016-01-22-46,0.125
45,2016-01-22-58,3.0517578125e-05
45,2016-01-22-70,0.562500007451
45,2016-01-22-82,3.3126373291
45,2016-01-22-94,0.500808749348
45,2016-01-22-106,0.187622267761
45,2016-01-22-118,4.58062177151e-05
45,2016-01-22-130,0.250000011183
45,2016-01-22-142,0.125061035159
42,2016-01-22-46,1.625
42,2016-01-22-58,2.06289672852
42,2016-01-22-70,5.8755036369
42,2016-01-22-82,1.06393444913
42,2016-01-22-94,0.500259749621
42,2016-01-22-106,2.37512213373
42,2016-01-22-118,1.1255798638
42,2016-01-22-130,1.43777479977
42,2016-01-22-142,21.0628510192
58,2016-01-22-46,7.48302789306e-14
58,2016-01-22-58,1.0
58,2016-01-22-70,0.250244140625
58,2016-01-22-82,1.75006109476
58,2016-01-22-94,1.18792726101
58,2016-01-22-106,0.000290021303957
58,2016-01-22-118,0.250000070806
58,2016-01-22-130,0.250061035174
58,2016-01-22-142,0.375061050057
36,2016-01-22-46,1.0
36,2016-01-22-58,0.750244140625
36,2016-01-22-70,0.312683165073
36,2016-01-22-82,0.500076338663
36,2016-01-22-94,0.56262208895
36,2016-01-22-106,1.25013735891
36,2016-01-22-118,0.687805209316
36,2016-01-22-130,0.000167921193681
36,2016-01-22-142,0.250000040996
51,2016-01-22-46,3.125
51,2016-01-22-58,5.31326293945
51,2016-01-22-70,5.25129718333
51,2016-01-22-82,5.75128205498
51,2016-01-22-94,49.3139041216
51,2016-01-22-106,387.762039527
51,2016-01-22-118,35.0946684667
51,2016-01-22-130,304.383568034
51,2016-01-22-142,121.324312395
59,2016-01-22-46,1.75
59,2016-01-22-58,0.00042724609375
59,2016-01-22-70,1.04308128357e-07
59,2016-01-22-82,0.250000000025
59,2016-01-22-94,0.125061035156
59,2016-01-22-106,3.05324792862e-05
59,2016-01-22-118,0.375000007454
59,2016-01-22-130,1.18759155274
59,2016-01-22-142,0.375289939344
15,2016-01-22-46,1.33329770102e-15
15,2016-01-22-58,3.25512134039e-19
15,2016-01-22-70,7.94707358493e-23
15,2016-01-22-82,0.125
15,2016-01-22-94,0.125030517578
15,2016-01-22-106,3.05250287056e-05
15,2016-01-22-118,1.75000000745
15,2016-01-22-130,0.000427246095569
15,2016-01-22-142,1.04308128801e-07
11,2016-01-22-46,0.3125
11,2016-01-22-58,0.250076293945
11,2016-01-22-70,0.312561053783
11,2016-01-22-82,0.875076308851
11,2016-01-22-94,0.812713641677
11,2016-01-22-106,0.812698416416
11,2016-01-22-118,0.312698412699
11,2016-01-22-130,0.625076342386
11,2016-01-22-142,0.0626526065289
61,2016-01-22-46,2.22586772228e-16
61,2016-01-22-58,0.375
61,2016-01-22-70,9.1552734375e-05
61,2016-01-22-82,0.250000022352
61,2016-01-22-94,6.1035161707e-05
61,2016-01-22-106,0.125000014901
61,2016-01-22-118,3.0517581763e-05
61,2016-01-22-130,7.4505814851e-09
61,2016-01-22-142,1.81898962039e-12
2,2016-01-22-46,0.5625
2,2016-01-22-58,0.125137329102
2,2016-01-22-70,0.250030551106
2,2016-01-22-82,0.375061042615
2,2016-01-22-94,0.437591567637
2,2016-01-22-106,1.12510683388
2,2016-01-22-118,1.12527468429
2,2016-01-22-130,0.875274725265
2,2016-01-22-142,1.12521369012
53,2016-01-22-46,3.99756206846e-15
53,2016-01-22-58,6.0625
53,2016-01-22-70,2.50148010254
53,2016-01-22-82,1.50061071292
53,2016-01-22-94,0.0628663600373
53,2016-01-22-106,3.06251534823
53,2016-01-22-118,1.18824768441
53,2016-01-22-130,0.562790099532
53,2016-01-22-142,0.000137399926644
41,2016-01-22-46,0.75
41,2016-01-22-58,4.37518310547
41,2016-01-22-70,2.50106815994
41,2016-01-22-82,0.625610612344
41,2016-01-22-94,0.750152736966
41,2016-01-22-106,0.250183142758
41,2016-01-22-118,0.250061079869
41,2016-01-22-130,0.187561050068
41,2016-01-22-142,0.312545791272
27,2016-01-22-46,4.5625
27,2016-01-22-58,4.9386138916
27,2016-01-22-70,4.37620571628
27,2016-01-22-82,6.1885684096
27,2016-01-22-94,5.12651088096
27,2016-01-22-106,6.93875158957
27,2016-01-22-118,2.75169403115
27,2016-01-22-130,1.3131718003
27,2016-01-22-142,2.50032059858
32,2016-01-22-46,8.88292319198e-15
32,2016-01-22-58,0.25
32,2016-01-22-70,0.250061035156
32,2016-01-22-82,6.10500574112e-05
32,2016-01-22-94,0.187500014905
32,2016-01-22-106,0.375045776371
32,2016-01-22-118,0.12509156391
32,2016-01-22-130,0.125030539933
32,2016-01-22-142,0.562530525034
50,2016-01-30-46,0.0
50,2016-01-30-58,0.0625
50,2016-01-30-70,0.125015258789
50,2016-01-30-82,0.750030521303
50,2016-01-30-94,0.00018311292024
50,2016-01-30-106,4.4705302793e-08
50,2016-01-30-118,1.09143805647e-11
50,2016-01-30-130,0.25
50,2016-01-30-142,0.125061035156
43,2016-01-30-46,0.8125
43,2016-01-30-58,0.750198364258
43,2016-01-30-70,0.812683153898
43,2016-01-30-82,0.00019840897312
43,2016-01-30-94,0.93750004844
43,2016-01-30-106,0.250228881848
43,2016-01-30-118,0.625061091036
43,2016-01-30-130,0.625152602805
43,2016-01-30-142,0.000152625147169
63,2016-01-30-46,5.42233448077e-19
63,2016-01-30-58,1.32381212909e-22
63,2016-01-30-70,3.2319632058e-26
63,2016-01-30-82,0.75
63,2016-01-30-94,0.00018310546875
63,2016-01-30-106,0.0625000447035
63,2016-01-30-118,1.52587999764e-05
63,2016-01-30-130,3.725292963e-09
63,2016-01-30-142,0.0625000000009
46,2016-01-30-46,14.5
46,2016-01-30-58,36.2535400391
46,2016-01-30-70,46.2588509619
46,2016-01-30-82,38.1987936648
46,2016-01-30-94,2.13432587736
46,2016-01-30-106,1.50052107565
46,2016-01-30-118,1.18786633815
46,2016-01-30-130,2.12529000643
46,2016-01-30-142,1.43801886963
56,2016-01-30-46,0.625
56,2016-01-30-58,0.000152587890625
56,2016-01-30-70,0.687500037253
56,2016-01-30-82,1.25016784669
56,2016-01-30-94,0.000305216759446
56,2016-01-30-106,0.687500074516
56,2016-01-30-118,1.1251678467
56,2016-01-30-130,1.18777469918
56,2016-01-30-142,0.250289984057
6,2016-01-30-46,2.75
6,2016-01-30-58,1.18817138672
6,2016-01-30-70,1.4377900809
6,2016-01-30-82,0.875351022969
6,2016-01-30-94,1.81271370875
6,2016-01-30-106,0.625442557058
6,2016-01-30-118,0.625152695937
6,2016-01-30-130,0.12515262517
6,2016-01-30-142,1.25003055484
66,2016-01-30-46,4.4410006511e-15
66,2016-01-30-58,1.08422867458e-18
66,2016-01-30-70,2.64704266256e-22
66,2016-01-30-82,0.25
66,2016-01-30-94,6.103515625e-05
66,2016-01-30-106,0.500000014901
66,2016-01-30-118,0.000122070316138
66,2016-01-30-130,0.0625000298023
66,2016-01-30-142,0.187515258796
31,2016-01-30-46,0.4375
31,2016-01-30-58,0.625106811523
31,2016-01-30-70,1.87515261397
31,2016-01-30-82,1.00045780093
31,2016-01-30-94,0.687744252393
31,2016-01-30-106,2.12516790631
31,2016-01-30-118,0.500518839821
31,2016-01-30-130,0.000122196982378
31,2016-01-30-142,0.437500029833
18,2016-01-30-46,1.125
18,2016-01-30-58,0.000274658203125
18,2016-01-30-70,1.87500006706
18,2016-01-30-82,0.250457763688
18,2016-01-30-94,0.125061146915
18,2016-01-30-106,0.125030532507
18,2016-01-30-118,0.312530525032
18,2016-01-30-130,0.0625763013977
18,2016-01-30-142,0.937515277417
28,2016-01-30-46,13.375
28,2016-01-30-58,2.62826538086
28,2016-01-30-70,2.87564166635
28,2016-01-30-82,6.00070206095
28,2016-01-30-94,3.31396501515
28,2016-01-30-106,9.12580907349
28,2016-01-30-118,3.50222798073
28,2016-01-30-130,9.43835503613
28,2016-01-30-142,4.2523042859
14,2016-01-30-46,13.625
14,2016-01-30-58,4.12832641602
14,2016-01-30-70,10.3135078922
14,2016-01-30-82,21.6275179463
14,2016-01-30-94,9.06778015575
14,2016-01-30-106,9.00221381351
14,2016-01-30-118,1.12719780611
14,2016-01-30-130,3.43777519478
14,2016-01-30-142,1.25083930058
16,2016-01-30-46,1.4375
16,2016-01-30-58,0.0628509521484
16,2016-01-30-70,0.625015344471
16,2016-01-30-82,2.18765259164
16,2016-01-30-94,0.375534094871
16,2016-01-30-106,0.250091683129
16,2016-01-30-118,0.12506105754
16,2016-01-30-130,0.125030532485
16,2016-01-30-142,0.250030525032
21,2016-01-30-46,2.75
21,2016-01-30-58,0.438171386719
21,2016-01-30-70,0.937606975436
21,2016-01-30-82,2.43772890795
21,2016-01-30-94,1.68809514866
21,2016-01-30-106,1.6254121326
21,2016-01-30-118,1.12539682913
21,2016-01-30-130,1.12527475509
21,2016-01-30-142,0.625274725282
24,2016-01-30-46,13.375
24,2016-01-30-58,6.50326538086
24,2016-01-30-70,25.8765877113
24,2016-01-30-82,28.0063175263
24,2016-01-30-94,6.69433747986
24,2016-01-30-106,2.25163435974
24,2016-01-30-118,2.25054971542
24,2016-01-30-130,1.68804945061
24,2016-01-30-142,0.937912121448
25,2016-01-30-46,0.4375
25,2016-01-30-58,0.187606811523
25,2016-01-30-70,0.312545802444
25,2016-01-30-82,0.375076305128
25,2016-01-30-94,0.250091571364
25,2016-01-30-106,0.500061057513
25,2016-01-30-118,0.937622085219
25,2016-01-30-130,0.000228911641899
25,2016-01-30-142,1.12500005589
47,2016-01-30-46,0.6875
47,2016-01-30-58,5.06266784668
47,2016-01-30-70,2.75123600289
47,2016-01-30-82,1.43817168848
47,2016-01-30-94,0.125351116135
47,2016-01-30-106,0.0625306032998
47,2016-01-30-118,0.812515266261
47,2016-01-30-130,0.812698367985
47,2016-01-30-142,1.25019841269
55,2016-01-30-46,0.25
55,2016-01-30-58,6.103515625e-05
55,2016-01-30-70,1.49011611938e-08
55,2016-01-30-82,3.63797880709e-12
55,2016-01-30-94,8.881784197e-16
55,2016-01-30-106,2.16840434497e-19
55,2016-01-30-118,0.5625
55,2016-01-30-130,0.000137329101562
55,2016-01-30-142,0.625000033528
35,2016-01-30-46,0.1875
35,2016-01-30-58,0.125045776367
35,2016-01-30-70,0.812530528754
35,2016-01-30-82,1.00019837171
35,2016-01-30-94,2.00024418906
35,2016-01-30-106,0.000488340866469
35,2016-01-30-118,0.750000119224
35,2016-01-30-130,0.000183105497857
35,2016-01-30-142,0.437500044703
23,2016-01-30-46,26.4375
23,2016-01-30-58,34.0064544678
23,2016-01-30-70,52.695802357
23,2016-01-30-82,83.5753651861
23,2016-01-30-94,56.3329041419
23,2016-01-30-106,11.7637531504
23,2016-01-30-118,3.50287201005
23,2016-01-30-130,11.1883551934
23,2016-01-30-142,8.31523153203
60,2016-01-30-46,0.75
60,2016-01-30-58,0.312683105469
60,2016-01-30-70,7.63386487961e-05
60,2016-01-30-82,0.0625000186374
60,2016-01-30-94,0.0625152587936
60,2016-01-30-106,0.125015262514
60,2016-01-30-118,3.05213043248e-05
60,2016-01-30-130,2.62500000745
60,2016-01-30-142,0.000640869142444
13,2016-01-30-46,0.625
13,2016-01-30-58,0.812652587891
13,2016-01-30-70,1.18769840151
13,2016-01-30-82,0.18778996543
13,2016-01-30-94,0.62504584716
13,2016-01-30-106,0.500152599084
13,2016-01-30-118,0.125122107568
13,2016-01-30-130,0.56253054739
13,2016-01-30-142,0.0626373365594
5,2016-01-30-46,0.25
5,2016-01-30-58,1.00006103516
5,2016-01-30-70,0.187744155526
5,2016-01-30-82,1.50004583598
5,2016-01-30-94,0.000366222127924
5,2016-01-30-106,8.94096992001e-08
5,2016-01-30-118,2.18285398438e-11
5,2016-01-30-130,5.3292333603e-15
5,2016-01-30-142,1.30108236335e-18
10,2016-01-30-46,1.125
10,2016-01-30-58,0.312774658203
10,2016-01-30-70,2.750076361
10,2016-01-30-82,0.813171405362
10,2016-01-30-94,0.500198528175
10,2016-01-30-106,0.250122118781
10,2016-01-30-118,0.12506106497
10,2016-01-30-130,0.625030532487
10,2016-01-30-142,0.000152595344845
38,2016-01-30-46,1.25
38,2016-01-30-58,2.50030517578
38,2016-01-30-70,1.12561042607
38,2016-01-30-82,1.43777480723
38,2016-01-30-94,0.12535101924
38,2016-01-30-106,0.812530603276
38,2016-01-30-118,0.500198371729
38,2016-01-30-130,1.06262211874
38,2016-01-30-142,0.500259429228
29,2016-01-30-46,3.1875
29,2016-01-30-58,1.37577819824
29,2016-01-30-70,5.75033588335
29,2016-01-30-82,4.3764038906
29,2016-01-30-94,0.188568457981
29,2016-01-30-106,0.312546037221
29,2016-01-30-118,0.812576305185
29,2016-01-30-130,1.12519838289
29,2016-01-30-142,0.437774706636
33,2016-01-30-46,0.5
33,2016-01-30-58,0.250122070312
33,2016-01-30-70,0.250061064959
33,2016-01-30-82,0.312561050065
33,2016-01-30-94,1.00007630885
33,2016-01-30-106,0.500244159255
33,2016-01-30-118,0.0626221299217
33,2016-01-30-130,0.250015288606
33,2016-01-30-142,0.437561038889
26,2016-01-30-46,4.625
26,2016-01-30-58,3.56362915039
26,2016-01-30-70,5.18837002665
26,2016-01-30-82,12.6262666919
26,2016-01-30-94,4.81558258464
26,2016-01-30-106,1.93867567934
26,2016-01-30-118,1.75047330949
26,2016-01-30-130,1.81292736165
26,2016-01-30-142,0.0629426092192
3,2016-01-30-46,0.5
3,2016-01-30-58,0.250122070312
3,2016-01-30-70,0.125061064959
3,2016-01-30-82,0.750030532487
3,2016-01-30-94,0.062683112923
3,2016-01-30-106,0.250015303494
3,2016-01-30-118,0.437561038892
3,2016-01-30-130,1.00010682643
3,2016-01-30-142,0.0627441667057
48,2016-01-30-46,20.125
48,2016-01-30-58,1.62991333008
48,2016-01-30-70,3.25039792806
48,2016-01-30-82,17.6882935542
48,2016-01-30-94,64.441818431
48,2016-01-30-106,184.765732866
48,2016-01-30-118,3.6076088215
48,2016-01-30-130,39.0633807639
48,2016-01-30-142,6.82203695819
39,2016-01-30-46,0.25
39,2016-01-30-58,0.625061035156
39,2016-01-30-70,0.000152602791786
39,2016-01-30-82,3.72565409634e-08
39,2016-01-30-94,0.375000000009
39,2016-01-30-106,9.15527343772e-05
39,2016-01-30-118,2.23517417913e-08
39,2016-01-30-130,0.750000000005
39,2016-01-30-142,0.562683105469
40,2016-01-30-46,0.8125
40,2016-01-30-58,1.12519836426
40,2016-01-30-70,1.87527470663
40,2016-01-30-82,0.875457830739
40,2016-01-30-94,0.375213734822
40,2016-01-30-106,1.00009160492
40,2016-01-30-118,0.875244162989
40,2016-01-30-130,0.250213682657
40,2016-01-30-142,0.312561087325
12,2016-01-30-46,6.1875
12,2016-01-30-58,0.689010620117
12,2016-01-30-70,1.93766821548
12,2016-01-30-82,0.937973063529
12,2016-01-30-94,1.56272899733
12,2016-01-30-106,2.31288152563
12,2016-01-30-118,0.875564668341
12,2016-01-30-130,2.18771376091
12,2016-01-30-142,2.8755341098
49,2016-01-30-46,0.125
49,2016-01-30-58,0.0625305175781
49,2016-01-30-70,0.12501526624
49,2016-01-30-82,0.125030521305
49,2016-01-30-94,0.37503052503
49,2016-01-30-106,9.15601867748e-05
49,2016-01-30-118,0.562500022354
49,2016-01-30-130,0.500137329107
49,2016-01-30-142,0.25012210384
52,2016-01-30-46,8.88612219683e-16
52,2016-01-30-58,2.16946342696e-19
52,2016-01-30-70,0.25
52,2016-01-30-82,6.103515625e-05
52,2016-01-30-94,0.0625000149012
52,2016-01-30-106,1.52587927005e-05
52,2016-01-30-118,3.72529118664e-09
52,2016-01-30-130,0.0625000000009
52,2016-01-30-142,0.250015258789
65,2016-01-30-46,0.875
65,2016-01-30-58,0.000213623046875
65,2016-01-30-70,0.437500052154
65,2016-01-30-82,0.0626068115362
65,2016-01-30-94,0.750015284866
65,2016-01-30-106,0.000183109200407
65,2016-01-30-118,1.0625000447
65,2016-01-30-130,0.375259399425
65,2016-01-30-142,0.250091616064
30,2016-01-30-46,8.88503905345e-16
30,2016-01-30-58,0.625
30,2016-01-30-70,0.125152587891
30,2016-01-30-82,0.312530554831
30,2016-01-30-94,0.250076301405
30,2016-01-30-106,0.250061053785
30,2016-01-30-118,0.250061050062
30,2016-01-30-130,1.50006105006
30,2016-01-30-142,0.0003662258423
8,2016-01-30-46,22.5625
8,2016-01-30-58,27.6930084229
8,2016-01-30-70,82.9442609884
8,2016-01-30-82,109.395250064
8,2016-01-30-94,68.0267078247
8,2016-01-30-106,10.016608083
8,2016-01-30-118,4.12744546096
8,2016-01-30-130,12.5635076771
8,2016-01-30-142,4.06556726262
44,2016-01-30-46,0.25
44,2016-01-30-58,0.187561035156
44,2016-01-30-70,4.57912683487e-05
44,2016-01-30-82,0.50000001118
44,2016-01-30-94,0.312622070315
44,2016-01-30-106,1.31257632375
44,2016-01-30-118,0.00032045320404
44,2016-01-30-130,7.82356455176e-08
44,2016-01-30-142,0.250000000019
22,2016-01-30-46,1.3125
22,2016-01-30-58,5.06282043457
22,2016-01-30-70,7.18873604015
22,2016-01-30-82,5.18925506251
22,2016-01-30-94,10.563766908
22,2016-01-30-106,11.0650790447
22,2016-01-30-118,6.87770143531
22,2016-01-30-130,8.93917912633
22,2016-01-30-142,9.25218241678
34,2016-01-30-46,3.28703550308e-14
34,2016-01-30-58,0.0625
34,2016-01-30-70,0.250015258789
34,2016-01-30-82,0.375061038882
34,2016-01-30-94,1.00009156764
34,2016-01-30-106,0.50024416298
34,2016-01-30-118,0.625122129923
34,2016-01-30-130,0.187652617708
34,2016-01-30-142,0.687545813627
1,2016-01-30-46,9.125
1,2016-01-30-58,1.9397277832
1,2016-01-30-70,0.125473566353
1,2016-01-30-82,2.31253063319
1,2016-01-30-94,2.06306458267
1,2016-01-30-106,3.87550367788
1,2016-01-30-118,3.75094616789
1,2016-01-30-130,2.93841575834
1,2016-01-30-142,5.50071738666
20,2016-01-30-46,5.0625
20,2016-01-30-58,1.31373596191
20,2016-01-30-70,11.3753207363
20,2016-01-30-82,10.4402771779
20,2016-01-30-94,2.3775488958
20,2016-01-30-106,1.00058045627
20,2016-01-30-118,1.50024428234
20,2016-01-30-130,1.43786627058
20,2016-01-30-142,1.75035104157
7,2016-01-30-46,7.6875
7,2016-01-30-58,3.81437683105
7,2016-01-30-70,18.1884312443
7,2016-01-30-82,31.879440535
7,2016-01-30-94,29.7577830665
7,2016-01-30-106,16.1947650838
7,2016-01-30-118,2.50395380007
7,2016-01-30-130,21.5006113168
7,2016-01-30-142,2.25524917268
19,2016-01-30-46,1.4375
19,2016-01-30-58,2.75035095215
19,2016-01-30-70,0.3756714724
19,2016-01-30-82,0.125091716668
19,2016-01-30-94,0.68753053997
19,2016-01-30-106,1.87516785414
19,2016-01-30-118,1.25045780465
19,2016-01-30-130,0.37530528755
19,2016-01-30-142,0.750091627267
62,2016-01-30-46,0.375
62,2016-01-30-58,1.06259155273
62,2016-01-30-70,0.687759421766
62,2016-01-30-82,0.187667910015
62,2016-01-30-94,1.37504581736
62,2016-01-30-106,0.500335704545
62,2016-01-30-118,0.000122152271617
62,2016-01-30-130,0.750000029822
62,2016-01-30-142,0.000183105476031
17,2016-01-30-46,6.50521329358e-19
17,2016-01-30-58,0.875
17,2016-01-30-70,1.00021362305
17,2016-01-30-82,0.000244192779064
17,2016-01-30-94,5.96173777012e-08
17,2016-01-30-106,0.312500000015
17,2016-01-30-118,0.125076293945
17,2016-01-30-130,3.05362045765e-05
17,2016-01-30-142,0.500000007455
37,2016-01-30-46,12.875
37,2016-01-30-58,15.3781433105
37,2016-01-30-70,65.9412544295
37,2016-01-30-82,75.4535989391
37,2016-01-30-94,26.2059212888
37,2016-01-30-106,4.88139793
37,2016-01-30-118,2.12619174754
37,2016-01-30-130,3.25051908978
37,2016-01-30-142,1.87579358376
4,2016-01-30-46,3.6875
4,2016-01-30-58,0.563400268555
4,2016-01-30-70,3.18763754889
4,2016-01-30-82,3.93827823182
4,2016-01-30-94,4.25096149371
4,2016-01-30-106,1.6885378324
4,2016-01-30-118,1.43791224068
4,2016-01-30-130,3.18785105279
4,2016-01-30-142,0.688278283948
9,2016-01-30-46,1.25
9,2016-01-30-58,0.875305175781
9,2016-01-30-70,1.12521369755
9,2016-01-30-82,1.06277471038
9,2016-01-30-94,0.687759466482
9,2016-01-30-106,1.18766791003
9,2016-01-30-118,0.750289957986
9,2016-01-30-130,0.250183176259
9,2016-01-30-142,0.687561079877
57,2016-01-30-46,2.44270765349e-15
57,2016-01-30-58,5.96364173215e-19
57,2016-01-30-70,0.25
57,2016-01-30-82,0.250061035156
57,2016-01-30-94,6.10500574112e-05
57,2016-01-30-106,0.250000014905
57,2016-01-30-118,0.0625610351599
57,2016-01-30-130,0.31251527369
57,2016-01-30-142,0.250076297674
64,2016-01-30-46,0.1875
64,2016-01-30-58,0.187545776367
64,2016-01-30-70,4.57875430584e-05
64,2016-01-30-82,0.250000011179
64,2016-01-30-94,0.062561035159
64,2016-01-30-106,0.25001527369
64,2016-01-30-118,0.125061038885
64,2016-01-30-130,0.12503053248
64,2016-01-30-142,0.625030525032
54,2016-01-30-46,2.22055449595e-15
54,2016-01-30-58,5.42127562488e-19
54,2016-01-30-70,1.32355361936e-22
54,2016-01-30-82,0.0625
54,2016-01-30-94,0.937515258789
54,2016-01-30-106,0.437728885561
54,2016-01-30-118,0.375106867404
54,2016-01-30-130,9.15788250497e-05
54,2016-01-30-142,0.250000022358
45,2016-01-30-46,0.5625
45,2016-01-30-58,0.750137329102
45,2016-01-30-70,0.250183138996
45,2016-01-30-82,0.375061079868
45,2016-01-30-94,9.15676464521e-05
45,2016-01-30-106,0.125000022355
45,2016-01-30-118,0.500030517584
45,2016-01-30-130,0.000122077763082
45,2016-01-30-142,0.500000029804
42,2016-01-30-46,7.375
42,2016-01-30-58,1.18930053711
42,2016-01-30-70,7.68779035658
42,2016-01-30-82,10.3768769019
42,2016-01-30-94,2.00253341721
42,2016-01-30-106,0.75048889976
42,2016-01-30-118,1.12518322483
42,2016-01-30-130,1.00027470294
42,2016-01-30-142,0.250244207691
58,2016-01-30-46,1.3125
58,2016-01-30-58,0.50032043457
58,2016-01-30-70,0.0626221485436
58,2016-01-30-82,0.25001528861
58,2016-01-30-94,0.562561038889
58,2016-01-30-106,0.375137344004
58,2016-01-30-118,0.250091586266
58,2016-01-30-130,6.10575161781e-05
58,2016-01-30-142,0.312500014907
36,2016-01-30-46,5.0
36,2016-01-30-58,0.063720703125
36,2016-01-30-70,1.55568122864e-05
36,2016-01-30-82,0.250000003798
36,2016-01-30-94,0.500061035157
36,2016-01-30-106,0.437622085214
36,2016-01-30-118,0.625106841329
36,2016-01-30-130,0.0626526139749
36,2016-01-30-142,1.52960483337e-05
51,2016-01-30-46,20.3125
51,2016-01-30-58,6.00495910645
51,2016-01-30-70,5.31396605447
51,2016-01-30-82,26.313797355
51,2016-01-30-94,121.006424267
51,2016-01-30-106,93.779542584
51,2016-01-30-118,6.89789539614
51,2016-01-30-130,413.064184056
51,2016-01-30-142,110.913345748
59,2016-01-30-46,0.25
59,2016-01-30-58,6.10351562501e-05
59,2016-01-30-70,1.49011611939e-08
59,2016-01-30-82,0.375000000004
59,2016-01-30-94,9.15527343759e-05
59,2016-01-30-106,0.500000022352
59,2016-01-30-118,0.000122070317957
59,2016-01-30-130,0.0625000298023
59,2016-01-30-142,1.52587963385e-05
15,2016-01-30-46,5.42101344737e-20
15,2016-01-30-58,1.32348961117e-23
15,2016-01-30-70,3.23117580853e-27
15,2016-01-30-82,7.88861281379e-31
15,2016-01-30-94,1.92593086274e-34
15,2016-01-30-106,0.25
15,2016-01-30-118,6.103515625e-05
15,2016-01-30-130,1.49011611938e-08
15,2016-01-30-142,3.63797880709e-12
11,2016-01-30-46,2.9375
11,2016-01-30-58,0.625717163086
11,2016-01-30-70,0.375152762979
11,2016-01-30-82,1.31259159003
11,2016-01-30-94,0.437820456931
11,2016-01-30-106,0.75010688976
11,2016-01-30-118,1.00018313156
11,2016-01-30-130,0.187744185335
11,2016-01-30-142,0.187545835983
61,2016-01-30-46,6.66296656898e-16
61,2016-01-30-58,1.6267008225e-19
61,2016-01-30-70,0.25
61,2016-01-30-82,6.103515625e-05
61,2016-01-30-94,0.0625000149012
61,2016-01-30-106,0.250015258793
61,2016-01-30-118,6.10388815412e-05
61,2016-01-30-130,0.562500014902
61,2016-01-30-142,0.000137329105201
2,2016-01-30-46,0.25
2,2016-01-30-58,6.103515625e-05
2,2016-01-30-70,0.250000014901
2,2016-01-30-82,0.31256103516
2,2016-01-30-94,7.63088464746e-05
2,2016-01-30-106,0.56250001863
2,2016-01-30-118,0.250137329106
2,2016-01-30-130,0.312561068684
2,2016-01-30-142,7.63088546591e-05
53,2016-01-30-46,1.0
53,2016-01-30-58,0.062744140625
53,2016-01-30-70,0.750015318394
53,2016-01-30-82,1.50018310921
53,2016-01-30-94,0.375366255642
53,2016-01-30-106,0.312591642152
53,2016-01-30-118,7.63163188848e-05
53,2016-01-30-130,0.375000018632
53,2016-01-30-142,0.375091552739
41,2016-01-30-46,0.8125
41,2016-01-30-58,1.06269836426
41,2016-01-30-70,1.31275944784
41,2016-01-30-82,0.937820497912
41,2016-01-30-94,0.125228960082
41,2016-01-30-106,0.250030573477
41,2016-01-30-118,0.62506104262
41,2016-01-30-130,0.312652602794
41,2016-01-30-142,0.625076331202
27,2016-01-30-46,4.625
27,2016-01-30-58,5.62612915039
27,2016-01-30-70,4.31387356669
27,2016-01-30-82,8.25105319179
27,2016-01-30-94,3.87701441728
27,2016-01-30-106,4.31344653672
27,2016-01-30-118,3.93855308753
27,2016-01-30-130,4.37596156081
27,2016-01-30-142,2.06356834999
32,2016-01-30-46,0.75
32,2016-01-30-58,0.875183105469
32,2016-01-30-70,0.75021366775
32,2016-01-30-82,0.000183157633728
32,2016-01-30-94,1.25000004472
32,2016-01-30-106,0.000305175792167
32,2016-01-30-118,0.625000074506
32,2016-01-30-130,0.000152587908815
32,2016-01-30-142,3.72529074255e-08
50,2016-01-28-46,0.0
50,2016-01-28-58,0.6875
50,2016-01-28-70,0.37516784668
50,2016-01-28-82,1.31259159371
50,2016-01-28-94,0.000320456932059
50,2016-01-28-106,0.750000078237
50,2016-01-28-118,0.187683105488
50,2016-01-28-130,4.58210706757e-05
50,2016-01-28-142,0.0625000111868
43,2016-01-28-46,2.22044644668e-16
43,2016-01-28-58,0.375
43,2016-01-28-70,0.500091552734
43,2016-01-28-82,0.125122092664
43,2016-01-28-94,3.05473859044e-05
43,2016-01-28-106,0.750000007458
43,2016-01-28-118,0.375183105471
43,2016-01-28-130,1.00009159744
43,2016-01-28-142,0.125244162988
63,2016-01-28-46,4.44956651036e-16
63,2016-01-28-58,1.08631994882e-19
63,2016-01-28-70,0.0625
63,2016-01-28-82,0.500015258789
63,2016-01-28-94,0.00012207403779
63,2016-01-28-106,0.187500029803
63,2016-01-28-118,0.125045776374
63,2016-01-28-130,0.875030528754
63,2016-01-28-142,0.000213630500184
46,2016-01-28-46,7.58968000213e-19
46,2016-01-28-58,55.375
46,2016-01-28-70,5.57601928711
46,2016-01-28-82,5.18886133283
46,2016-01-28-94,1.50126681185
46,2016-01-28-106,3.31286652022
46,2016-01-28-118,2.3758088053
46,2016-01-28-130,3.81308003145
46,2016-01-28-142,1.62593092774
56,2016-01-28-46,5.77646704777e-15
56,2016-01-28-58,0.125
56,2016-01-28-70,0.0625305175781
56,2016-01-28-82,0.43751526624
56,2016-01-28-94,0.187606815251
56,2016-01-28-106,1.81254580245
56,2016-01-28-118,0.250442516065
56,2016-01-28-130,0.750061143192
56,2016-01-28-142,0.562683120396
6,2016-01-28-46,1.99905201866e-15
6,2016-01-28-58,10.8125
6,2016-01-28-70,1.00263977051
6,2016-01-28-82,2.4377447851
6,2016-01-28-94,0.688095152535
6,2016-01-28-106,0.000167991980599
6,2016-01-28-118,0.562500041014
6,2016-01-28-130,0.562637329112
6,2016-01-28-142,0.000137362629178
66,2016-01-28-46,4.88010091635e-19
66,2016-01-28-58,1.19143088778e-22
66,2016-01-28-70,0.375
66,2016-01-28-82,9.1552734375e-05
66,2016-01-28-94,0.375000022352
66,2016-01-28-106,0.25009155274
66,2016-01-28-118,0.250061057508
66,2016-01-28-130,0.750061050063
66,2016-01-28-142,0.000183120373551
31,2016-01-28-46,6.5057425598e-19
31,2016-01-28-58,2.3125
31,2016-01-28-70,1.6880645752
31,2016-01-28-82,2.06291212514
31,2016-01-28-94,0.250503640656
31,2016-01-28-106,0.562561158115
31,2016-01-28-118,0.312637344033
31,2016-01-28-130,0.250076327477
31,2016-01-28-142,0.437561053791
18,2016-01-28-46,1.55452914111e-15
18,2016-01-28-58,1.875
18,2016-01-28-70,1.06295776367
18,2016-01-28-82,1.75025951117
18,2016-01-28-94,0.625427309451
18,2016-01-28-106,0.000152692214221
18,2016-01-28-118,0.625000037278
18,2016-01-28-130,0.5626525879
18,2016-01-28-142,0.625137366354
28,2016-01-28-46,2.22093407258e-15
28,2016-01-28-58,20.875
28,2016-01-28-70,2.44259643555
28,2016-01-28-82,2.18809633702
28,2016-01-28-94,3.56303420321
28,2016-01-28-106,10.3758698814
28,2016-01-28-118,4.56503317136
28,2016-01-28-130,83.8761145101
28,2016-01-28-142,2.64547756702
14,2016-01-28-46,9.39862433931e-15
14,2016-01-28-58,19.4375
14,2016-01-28-70,6.5047454834
14,2016-01-28-82,1.68908807263
14,2016-01-28-94,8.68791237502
14,2016-01-28-106,19.3771210724
14,2016-01-28-118,3.56723074245
14,2016-01-28-130,16.2508709059
14,2016-01-28-142,1.25396749778
16,2016-01-28-46,4.45498748213e-15
16,2016-01-28-58,3.9375
16,2016-01-28-70,0.500961303711
16,2016-01-28-82,3.37512230501
16,2016-01-28-94,0.813324004469
16,2016-01-28-106,0.250198565431
16,2016-01-28-118,0.125061083634
16,2016-01-28-130,1.12503053249
16,2016-01-28-142,0.875274665657
21,2016-01-28-46,3.10960027739e-15
21,2016-01-28-58,1.8125
21,2016-01-28-70,0.750442504883
21,2016-01-28-82,0.375183213502
21,2016-01-28-94,0.812591597464
21,2016-01-28-106,1.06269838662
21,2016-01-28-118,1.37525944785
21,2016-01-28-130,1.1878357567
21,2016-01-28-142,0.375289998964
24,2016-01-28-46,1.33329791284e-15
24,2016-01-28-58,51.5
24,2016-01-28-70,12.2625732422
24,2016-01-28-82,23.1904937923
24,2016-01-28-94,3.25566174165
24,2016-01-28-106,4.18829483929
24,2016-01-28-118,1.43852253292
24,2016-01-28-130,1.12535120179
24,2016-01-28-142,0.750274743946
25,2016-01-28-46,2.66551134567e-15
25,2016-01-28-58,15.5625
25,2016-01-28-70,0.0662994384766
25,2016-01-28-82,0.437516186386
25,2016-01-28-94,0.562606815475
25,2016-01-28-106,0.50013735518
25,2016-01-28-118,0.750122103846
25,2016-01-28-130,0.312683135279
25,2016-01-28-142,0.562576338656
47,2016-01-28-46,1.99867265371e-15
47,2016-01-28-58,0.9375
47,2016-01-28-70,2.81272888184
47,2016-01-28-82,2.81318670139
47,2016-01-28-94,0.56318681316
47,2016-01-28-106,0.375137496781
47,2016-01-28-118,0.125091586303
47,2016-01-28-130,0.0625305399381
47,2016-01-28-142,0.937515266245
55,2016-01-28-46,3.33072331047e-15
55,2016-01-28-58,8.13164870721e-19
55,2016-01-28-70,1.98526579766e-22
55,2016-01-28-82,0.0625
55,2016-01-28-94,1.52587890625e-05
55,2016-01-28-106,3.72529029846e-09
55,2016-01-28-118,9.09494701773e-13
55,2016-01-28-130,2.22044604925e-16
55,2016-01-28-142,5.42101086243e-20
35,2016-01-28-46,1.92592994439e-34
35,2016-01-28-58,0.375
35,2016-01-28-70,0.750091552734
35,2016-01-28-82,2.31268312782
35,2016-01-28-94,1.0630646199
35,2016-01-28-106,1.37525953726
35,2016-01-28-118,8.25033575672
35,2016-01-28-130,2.75201424213
35,2016-01-28-142,0.500671878477
23,2016-01-28-46,1.77874383126e-15
23,2016-01-28-58,83.0
23,2016-01-28-70,74.7702636719
23,2016-01-28-82,21.0807544589
23,2016-01-28-94,76.4426466686
23,2016-01-28-106,83.4561627555
23,2016-01-28-118,28.3953750397
23,2016-01-28-130,36.0694324646
23,2016-01-28-142,13.4463060138
60,2016-01-28-46,4.77708753045e-14
60,2016-01-28-58,0.3125
60,2016-01-28-70,7.62939453125e-05
60,2016-01-28-82,0.0625000186265
60,2016-01-28-94,0.375015258794
60,2016-01-28-106,0.12509155646
60,2016-01-28-118,3.05399307763e-05
60,2016-01-28-130,0.250000007456
60,2016-01-28-142,0.500061035158
13,2016-01-28-46,1.77657367984e-15
13,2016-01-28-58,0.3125
13,2016-01-28-70,1.00007629395
13,2016-01-28-82,0.000244159251451
13,2016-01-28-94,1.37500005961
13,2016-01-28-106,0.312835693374
13,2016-01-28-118,7.63759017026e-05
13,2016-01-28-130,1.86464603766e-08
13,2016-01-28-142,0.250000000005
5,2016-01-28-46,8.88178419716e-16
5,2016-01-28-58,1.9375
5,2016-01-28-70,0.000473022460938
5,2016-01-28-82,1.15483999252e-07
5,2016-01-28-94,0.187500000028
5,2016-01-28-106,0.875045776367
5,2016-01-28-118,0.437713634223
5,2016-01-28-130,0.25010686368
5,2016-01-28-142,0.125061061246
10,2016-01-28-46,4.44306142974e-16
10,2016-01-28-58,0.4375
10,2016-01-28-70,0.375106811523
10,2016-01-28-82,9.15788114071e-05
10,2016-01-28-94,2.23581082537e-08
10,2016-01-28-106,0.0625000000055
10,2016-01-28-118,0.125015258789
10,2016-01-28-130,0.250030521303
10,2016-01-28-142,6.10426077401e-05
38,2016-01-28-46,2.16866907508e-19
38,2016-01-28-58,2.25
38,2016-01-28-70,1.18804931641
38,2016-01-28-82,0.562790051103
38,2016-01-28-94,0.500137399915
38,2016-01-28-106,0.437622103857
38,2016-01-28-118,0.0626068413339
38,2016-01-28-130,0.0625152848734
38,2016-01-28-142,1.5262520721e-05
29,2016-01-28-46,5.42233661386e-20
29,2016-01-28-58,2.8125
29,2016-01-28-70,4.68818664551
29,2016-01-28-82,3.81364457682
29,2016-01-28-94,0.250931065571
29,2016-01-28-106,0.875061262467
29,2016-01-28-118,1.500213638
29,2016-01-28-130,0.437866263095
29,2016-01-28-142,0.000106900943138
33,2016-01-28-46,3.79788442965e-19
33,2016-01-28-58,0.125
33,2016-01-28-70,1.68753051758
33,2016-01-28-82,0.312911994755
33,2016-01-28-94,0.50007639453
33,2016-01-28-106,0.0626220889635
33,2016-01-28-118,0.187515288596
33,2016-01-28-130,0.3125457801
33,2016-01-28-142,7.63051220947e-05
26,2016-01-28-46,2.71090251028e-19
26,2016-01-28-58,12.0625
26,2016-01-28-70,1.81544494629
26,2016-01-28-82,5.18794322386
26,2016-01-28-94,1.5637665877
26,2016-01-28-106,1.00038177895
26,2016-01-28-118,10.9377442338
26,2016-01-28-130,6.12767034771
26,2016-01-28-142,0.938996013268
3,2016-01-28-46,3.33598398068e-15
3,2016-01-28-58,0.1875
3,2016-01-28-70,1.12504577637
3,2016-01-28-82,0.687774669379
3,2016-01-28-94,0.312667913738
3,2016-01-28-106,0.0625763349399
3,2016-01-28-118,0.187515277426
3,2016-01-28-130,1.9375457801
3,2016-01-28-142,0.0629730336377
48,2016-01-28-46,2.23725158e-16
48,2016-01-28-58,8.0
48,2016-01-28-70,9.564453125
48,2016-01-28-82,3.81483507156
48,2016-01-28-94,52.2509313562
48,2016-01-28-106,129.325256575
48,2016-01-28-118,13.219073549
48,2016-01-28-130,52.1907273129
48,2016-01-28-142,8.45024187679
39,2016-01-28-46,3.00212899048e-14
39,2016-01-28-58,0.625
39,2016-01-28-70,0.500152587891
39,2016-01-28-82,0.125122107565
39,2016-01-28-94,0.37503054739
39,2016-01-28-106,0.312591560192
39,2016-01-28-118,0.625076316299
39,2016-01-28-130,0.875152606523
39,2016-01-28-142,0.750213660304
40,2016-01-28-46,2.66529433299e-15
40,2016-01-28-58,2.375
40,2016-01-28-70,0.750579833984
40,2016-01-28-82,2.62518324703
40,2016-01-28-94,0.875640913879
40,2016-01-28-106,0.12521377952
40,2016-01-28-118,0.12503056977
40,2016-01-28-130,0.312530525041
40,2016-01-28-142,0.437576301398
12,2016-01-28-46,1.55458331149e-15
12,2016-01-28-58,3.4375
12,2016-01-28-70,0.563339233398
12,2016-01-28-82,2.43763753399
12,2016-01-28-94,0.875595126351
12,2016-01-28-106,3.37521376834
12,2016-01-28-118,1.3133240268
12,2016-01-28-130,2.81282063575
12,2016-01-28-142,11.0631867238
49,2016-01-28-46,3.93043348047e-14
49,2016-01-28-58,1.0
49,2016-01-28-70,0.562744140625
49,2016-01-28-82,0.000137388706207
49,2016-01-28-94,1.31250003354
49,2016-01-28-106,0.312820434579
49,2016-01-28-118,0.687576372176
49,2016-01-28-130,0.000167865325238
49,2016-01-28-142,4.09827454195e-08
52,2016-01-28-46,1.45599960247e-22
52,2016-01-28-58,0.375
52,2016-01-28-70,0.187591552734
52,2016-01-28-82,1.62504579872
52,2016-01-28-94,0.000396739696953
52,2016-01-28-106,9.68602775764e-08
52,2016-01-28-118,0.750000000024
52,2016-01-28-130,0.250183105469
52,2016-01-28-142,6.10798597336e-05
65,2016-01-28-46,2.16999253175e-19
65,2016-01-28-58,0.25
65,2016-01-28-70,0.250061035156
65,2016-01-28-82,6.10500574112e-05
65,2016-01-28-94,1.49047991727e-08
65,2016-01-28-106,3.63886698551e-12
65,2016-01-28-118,0.25
65,2016-01-28-130,6.103515625e-05
65,2016-01-28-142,1.49011611938e-08
30,2016-01-28-46,5.29395592034e-23
30,2016-01-28-58,0.125
30,2016-01-28-70,0.250030517578
30,2016-01-28-82,0.250061042607
30,2016-01-28-94,0.0625610500592
30,2016-01-28-106,0.125015273694
30,2016-01-28-118,0.125030521307
30,2016-01-28-130,0.56253052503
30,2016-01-28-142,0.000137336553962
8,2016-01-28-46,4.87917453861e-19
8,2016-01-28-58,122.0
8,2016-01-28-70,32.6547851562
8,2016-01-28-82,34.6329723597
8,2016-01-28-94,67.5084553155
8,2016-01-28-106,47.2664815565
8,2016-01-28-118,46.2615396683
8,2016-01-28-130,87.9487943212
8,2016-01-28-142,6.02147187361
44,2016-01-28-46,2.13925654919e-14
44,2016-01-28-58,5.22279430955e-18
44,2016-01-28-70,1.27509626698e-21
44,2016-01-28-82,0.125
44,2016-01-28-94,3.0517578125e-05
44,2016-01-28-106,0.0625000074506
44,2016-01-28-118,0.0625152587909
44,2016-01-28-130,0.125015262514
44,2016-01-28-142,0.500030521304
22,2016-01-28-46,1.77646527286e-15
22,2016-01-28-58,3.5
22,2016-01-28-70,5.00085449219
22,2016-01-28-82,4.06372091174
22,2016-01-28-94,7.68849211936
22,2016-01-28-106,10.5643770733
22,2016-01-28-118,6.87757919362
22,2016-01-28-130,8.87667909648
22,2016-01-28-142,6.31466715798
34,2016-01-28-46,2.24342043892e-14
34,2016-01-28-58,0.75
34,2016-01-28-70,0.00018310546875
34,2016-01-28-82,1.0000000447
34,2016-01-28-94,0.500244140636
34,2016-01-28-106,0.250122129917
34,2016-01-28-118,0.250061064973
34,2016-01-28-130,1.62506105006
34,2016-01-28-142,0.37539674342
1,2016-01-28-46,1.33367714533e-15
1,2016-01-28-58,2.625
1,2016-01-28-70,1.12564086914
1,2016-01-28-82,1.68777481467
1,2016-01-28-94,2.3754120544
1,2016-01-28-106,3.37557993458
1,2016-01-28-118,2.62582411619
1,2016-01-28-130,3.12564107034
1,2016-01-28-142,8.62576309596
20,2016-01-28-46,3.06448665411e-14
20,2016-01-28-58,9.375
20,2016-01-28-70,0.939788818359
20,2016-01-28-82,0.812729440629
20,2016-01-28-94,1.25019842027
20,2016-01-28-106,1.81280522422
20,2016-01-28-118,2.6879425794
20,2016-01-28-130,21.250656236
20,2016-01-28-142,1.0676881485
7,2016-01-28-46,3.79319028985e-15
7,2016-01-28-58,17.0
7,2016-01-28-70,7.50415039062
7,2016-01-28-82,9.43933206797
7,2016-01-28-94,29.3773045244
7,2016-01-28-106,79.5071721935
7,2016-01-28-118,44.9569109307
7,2016-01-28-130,65.6359758083
7,2016-01-28-142,9.70352440816
19,2016-01-28-46,3.44738438974e-14
19,2016-01-28-58,0.5625
19,2016-01-28-70,0.562637329102
19,2016-01-28-82,0.812637362629
19,2016-01-28-94,1.00019839779
19,2016-01-28-106,0.562744189062
19,2016-01-28-118,1.31263738872
19,2016-01-28-130,1.62532046811
19,2016-01-28-142,0.312896806755
62,2016-01-28-46,1.11163276541e-15
62,2016-01-28-58,0.0625
62,2016-01-28-70,0.125015258789
62,2016-01-28-82,3.05213034153e-05
62,2016-01-28-94,7.45149009163e-09
62,2016-01-28-106,0.250000000002
62,2016-01-28-118,0.125061035156
62,2016-01-28-130,3.05324792862e-05
62,2016-01-28-142,0.0625000074542
17,2016-01-28-46,2.22044631408e-16
17,2016-01-28-58,0.3125
17,2016-01-28-70,0.875076293945
17,2016-01-28-82,1.06271364167
17,2016-01-28-94,0.125259451573
17,2016-01-28-106,0.0625305809208
17,2016-01-28-118,0.250015266255
17,2016-01-28-130,6.10388833631e-05
17,2016-01-28-142,0.750000014902
37,2016-01-28-46,2.66453531204e-15
37,2016-01-28-58,101.1875
37,2016-01-28-70,12.7122039795
37,2016-01-28-82,27.2531035654
37,2016-01-28-94,21.7566535897
37,2016-01-28-106,22.067811683
37,2016-01-28-118,7.13038764934
37,2016-01-28-130,18.8142408173
37,2016-01-28-142,1.31709332051
4,2016-01-28-46,4.67925545604e-15
4,2016-01-28-58,32.25
4,2016-01-28-70,0.570373535156
4,2016-01-28-82,3.12513925135
4,2016-01-28-94,2.56326297345
4,2016-01-28-106,2.12562579662
4,2016-01-28-118,5.68801895161
4,2016-01-28-130,10.6263886765
4,2016-01-28-142,0.502594333173
9,2016-01-28-46,1.78557376235e-15
9,2016-01-28-58,4.8125
9,2016-01-28-70,1.25117492676
9,2016-01-28-82,0.687805462629
9,2016-01-28-94,0.187667921256
9,2016-01-28-106,1.31254581736
9,2016-01-28-118,1.00032044576
9,2016-01-28-130,0.937744218859
9,2016-01-28-142,0.37522894146
57,2016-01-28-46,1.33308099301e-15
57,2016-01-28-58,3.25459226808e-19
57,2016-01-28-70,0.4375
57,2016-01-28-82,0.0626068115234
57,2016-01-28-94,0.0625152848661
57,2016-01-28-106,0.250015262521
57,2016-01-28-118,0.875061038882
57,2016-01-28-130,0.000213637948946
57,2016-01-28-142,1.87500005216
64,2016-01-28-46,6.66133833305e-15
64,2016-01-28-58,1.62630330397e-18
64,2016-01-28-70,0.25
64,2016-01-28-82,6.103515625e-05
64,2016-01-28-94,0.125000014901
64,2016-01-28-106,0.312530517582
64,2016-01-28-118,7.6301395894e-05
64,2016-01-28-130,0.250000018628
64,2016-01-28-142,0.312561035161
54,2016-01-28-46,1.11043986508e-15
54,2016-01-28-58,1.3125
54,2016-01-28-70,0.0628204345703
54,2016-01-28-82,0.12501533702
54,2016-01-28-94,0.812530521323
54,2016-01-28-106,0.375198371709
54,2016-01-28-118,1.06259160116
54,2016-01-28-130,0.187759421778
54,2016-01-28-142,0.0625458397026
45,2016-01-28-46,2.22207460263e-16
45,2016-01-28-58,0.25
45,2016-01-28-70,0.125061035156
45,2016-01-28-82,3.05324792862e-05
45,2016-01-28-94,0.500000007454
45,2016-01-28-106,0.250122070314
45,2016-01-28-118,0.125061064959
45,2016-01-28-130,3.05324865622e-05
45,2016-01-28-142,7.45422035209e-09
42,2016-01-28-46,2.64827106097e-23
42,2016-01-28-58,5.75
42,2016-01-28-70,5.87640380859
42,2016-01-28-82,0.751434668899
42,2016-01-28-94,2.06268345573
42,2016-01-28-106,1.75050358483
42,2016-01-28-118,1.87542736904
42,2016-01-28-130,1.31295786801
42,2016-01-28-142,2.00032054635
58,2016-01-28-46,7.10656616702e-15
58,2016-01-28-58,2.125
58,2016-01-28-70,1.75051879883
58,2016-01-28-82,1.50042737275
58,2016-01-28-94,0.000366315276551
58,2016-01-28-106,0.125000089432
58,2016-01-28-118,0.1875305176
58,2016-01-28-130,0.875045783818
58,2016-01-28-142,0.000213634224565
36,2016-01-28-46,7.58981231872e-19
36,2016-01-28-58,0.125
36,2016-01-28-70,0.250030517578
36,2016-01-28-82,1.37506104261
36,2016-01-28-94,1.68783570826
36,2016-01-28-106,1.00041206926
36,2016-01-28-118,0.000244241227848
36,2016-01-28-130,0.375000059629
36,2016-01-28-142,0.250091552749
51,2016-01-28-46,8.88503680404e-16
51,2016-01-28-58,19.0625
51,2016-01-28-70,74.8796539307
51,2016-01-28-82,11.2682811655
51,2016-01-28-94,164.440251045
51,2016-01-28-106,341.852646546
51,2016-01-28-118,81.5834601188
51,2016-01-28-130,218.519917837
51,2016-01-28-142,100.615849589
59,2016-01-28-46,3.5745930514e-13
59,2016-01-28-58,8.7270338169e-17
59,2016-01-28-70,0.3125
59,2016-01-28-82,0.750076293945
59,2016-01-28-94,0.000183124095201
59,2016-01-28-106,4.47080310551e-08
59,2016-01-28-118,0.125000000011
59,2016-01-28-130,0.125030517578
59,2016-01-28-142,0.500030525029
15,2016-01-28-46,1.77646528609e-15
15,2016-01-28-58,0.0625
15,2016-01-28-70,1.52587890625e-05
15,2016-01-28-82,3.72529029846e-09
15,2016-01-28-94,9.09494701773e-13
15,2016-01-28-106,2.22044604925e-16
15,2016-01-28-118,0.25
15,2016-01-28-130,6.103515625e-05
15,2016-01-28-142,1.49011611938e-08
11,2016-01-28-46,5.29395592034e-23
11,2016-01-28-58,1.625
11,2016-01-28-70,0.125396728516
11,2016-01-28-82,0.312530614436
11,2016-01-28-94,0.37507630142
11,2016-01-28-106,0.875091571363
11,2016-01-28-118,0.750213645403
11,2016-01-28-130,0.000183157628272
11,2016-01-28-142,0.562500044716
61,2016-01-28-46,1.99840160319e-15
61,2016-01-28-58,0.75
61,2016-01-28-70,0.125183105469
61,2016-01-28-82,0.687530562282
61,2016-01-28-94,0.125167854141
61,2016-01-28-106,0.250030558558
61,2016-01-28-118,6.10426168355e-05
61,2016-01-28-130,1.49029826259e-08
61,2016-01-28-142,0.250000000004
2,2016-01-28-46,8.88178419713e-16
2,2016-01-28-58,0.8125
2,2016-01-28-70,0.250198364258
2,2016-01-28-82,6.10835850239e-05
2,2016-01-28-94,0.125000014913
2,2016-01-28-106,0.250030517582
2,2016-01-28-118,6.10426068315e-05
2,2016-01-28-130,0.125000014903
2,2016-01-28-142,3.05175817634e-05
53,2016-01-28-46,1.08420230175e-19
53,2016-01-28-58,6.4375
53,2016-01-28-70,0.751571655273
53,2016-01-28-82,2.31268348917
53,2016-01-28-94,1.37556461999
53,2016-01-28-106,0.500335831206
53,2016-01-28-118,2.5001221523
53,2016-01-28-130,0.750610381385
53,2016-01-28-142,0.000183254487643
41,2016-01-28-46,6.5105072495e-19
41,2016-01-28-58,0.9375
41,2016-01-28-70,1.37522888184
41,2016-01-28-82,0.000335749238729
41,2016-01-28-94,0.06250008197
41,2016-01-28-106,1.52588090747e-05
41,2016-01-28-118,0.375000003725
41,2016-01-28-130,0.0625915527353
41,2016-01-28-142,1.52811408045e-05
27,2016-01-28-46,5.42895179639e-20
27,2016-01-28-58,5.5625
27,2016-01-28-70,4.62635803223
27,2016-01-28-82,5.43862948194
27,2016-01-28-94,4.3138277904
27,2016-01-28-106,7.12605318061
27,2016-01-28-118,4.81423975908
27,2016-01-28-130,2.1261753515
27,2016-01-28-142,3.93801908578
32,2016-01-28-46,1.39906542734e-14
32,2016-01-28-58,0.25
32,2016-01-28-70,0.250061035156
32,2016-01-28-82,0.312561050057
32,2016-01-28-94,0.50007630885
32,2016-01-28-106,0.125122088943
32,2016-01-28-118,0.312530547385
32,2016-01-28-130,0.125076301403
32,2016-01-28-142,0.312530536206
50,2016-01-26-46,0.125
50,2016-01-26-58,0.125030517578
50,2016-01-26-70,0.250030525029
50,2016-01-26-82,0.562561042609
50,2016-01-26-94,0.0626373440045
50,2016-01-26-106,0.25001529232
50,2016-01-26-118,0.0625610388897
50,2016-01-26-130,1.52736911352e-05
50,2016-01-26-142,0.187500003729
43,2016-01-26-46,0.25
43,2016-01-26-58,0.625061035156
43,2016-01-26-70,0.500152602792
43,2016-01-26-82,0.000122107569041
43,2016-01-26-94,1.31250002981
43,2016-01-26-106,0.000320434577591
43,2016-01-26-118,0.375000078231
43,2016-01-26-130,1.37509155275
43,2016-01-26-142,0.250335715711
63,2016-01-26-46,0.25
63,2016-01-26-58,6.103515625e-05
63,2016-01-26-70,1.49011611938e-08
63,2016-01-26-82,0.187500000004
63,2016-01-26-94,1.62504577637
63,2016-01-26-106,0.000396739691496
63,2016-01-26-118,9.68602762441e-08
63,2016-01-26-130,2.36475283799e-11
63,2016-01-26-142,0.25
46,2016-01-26-46,20.5
46,2016-01-26-58,66.8175048828
46,2016-01-26-70,20.3288128674
46,2016-01-26-82,17.2549630891
46,2016-01-26-94,1.75421263747
46,2016-01-26-106,1.37542827457
46,2016-01-26-118,1.93783579792
46,2016-01-26-130,3.62547310444
46,2016-01-26-142,0.75088512527
56,2016-01-26-46,0.5
56,2016-01-26-58,1.06262207031
56,2016-01-26-70,0.000259429216385
56,2016-01-26-82,6.33372110315e-08
56,2016-01-26-94,0.500000000015
56,2016-01-26-106,0.312622070313
56,2016-01-26-118,0.500076323748
56,2016-01-26-130,0.500122088946
56,2016-01-26-142,0.625122100119
6,2016-01-26-46,1.625
6,2016-01-26-58,15.0003967285
6,2016-01-26-70,1.94116220623
6,2016-01-26-82,0.687973916554
6,2016-01-26-94,0.000167962381971
6,2016-01-26-106,1.50000004101
6,2016-01-26-118,0.250366210948
6,2016-01-26-130,6.11245632196e-05
6,2016-01-26-142,0.437500014923
66,2016-01-26-46,1.55431228749e-15
66,2016-01-26-58,3.79470773314e-19
66,2016-01-26-70,0.0625
66,2016-01-26-82,1.52587890625e-05
66,2016-01-26-94,3.72529029846e-09
66,2016-01-26-106,0.375000000001
66,2016-01-26-118,9.15527343752e-05
66,2016-01-26-130,0.250000022352
66,2016-01-26-142,6.1035161707e-05
31,2016-01-26-46,2.1875
31,2016-01-26-58,4.50053405762
31,2016-01-26-70,2.6885987632
31,2016-01-26-82,1.06315639618
31,2016-01-26-94,0.500259559667
31,2016-01-26-106,0.125122133682
31,2016-01-26-118,1.4375305474
31,2016-01-26-130,0.625350959606
31,2016-01-26-142,0.250152673574
18,2016-01-26-46,0.25
18,2016-01-26-58,0.750061035156
18,2016-01-26-70,0.56268312037
18,2016-01-26-82,1.18763737381
18,2016-01-26-94,0.500289950531
18,2016-01-26-106,1.7501221411
18,2016-01-26-118,0.250427275913
18,2016-01-26-130,0.0625611394717
18,2016-01-26-142,0.500015273716
28,2016-01-26-46,2.4375
28,2016-01-26-58,18.9380950928
28,2016-01-26-70,8.12962355837
28,2016-01-26-82,3.62698477138
28,2016-01-26-94,4.81338549433
28,2016-01-26-106,13.3761751429
28,2016-01-26-118,3.12826566776
28,2016-01-26-130,13.3757637367
28,2016-01-26-142,4.94076556732
14,2016-01-26-46,15.5
14,2016-01-26-58,22.5662841797
14,2016-01-26-70,10.4430093467
14,2016-01-26-82,17.0025495628
14,2016-01-26-94,17.6916510131
14,2016-01-26-106,22.3793192507
14,2016-01-26-118,1.50546370099
14,2016-01-26-130,3.81286754485
14,2016-01-26-142,1.31343087587
16,2016-01-26-46,0.625
16,2016-01-26-58,4.75015258789
16,2016-01-26-70,0.0636597052217
16,2016-01-26-82,0.25001554192
16,2016-01-26-94,0.125061038951
16,2016-01-26-106,0.12503053248
16,2016-01-26-118,0.250030525032
16,2016-01-26-130,6.10426086505e-05
16,2016-01-26-142,0.062500014903
21,2016-01-26-46,1.3125
21,2016-01-26-58,0.81282043457
21,2016-01-26-70,1.06269844249
21,2016-01-26-82,0.500259447862
21,2016-01-26-94,0.812622133654
21,2016-01-26-106,0.437698394076
21,2016-01-26-118,0.375106859959
21,2016-01-26-130,0.875091578823
21,2016-01-26-142,0.500213645405
24,2016-01-26-46,6.5
24,2016-01-26-58,50.3765869141
24,2016-01-26-70,20.5747989714
24,2016-01-26-82,26.6300231443
24,2016-01-26-94,7.25650147049
24,2016-01-26-106,1.3142716068
24,2016-01-26-118,1.31282086709
24,2016-01-26-130,0.875320512907
24,2016-01-26-142,0.875213701297
25,2016-01-26-46,0.3125
25,2016-01-26-58,22.9375762939
25,2016-01-26-70,0.568099994212
25,2016-01-26-82,0.812638696288
25,2016-01-26-94,0.375198398119
25,2016-01-26-106,0.687591601171
25,2016-01-26-118,0.937667869043
25,2016-01-26-130,0.43772892282
25,2016-01-26-142,0.625106867413
47,2016-01-26-46,0.25
47,2016-01-26-58,2.18756103516
47,2016-01-26-70,2.25053407252
47,2016-01-26-82,0.438049446795
47,2016-01-26-94,0.812606945666
47,2016-01-26-106,0.250198390368
47,2016-01-26-118,1.12506108359
47,2016-01-26-130,0.375274673116
47,2016-01-26-142,0.250091619793
55,2016-01-26-46,8.88503918593e-16
55,2016-01-26-58,0.25
55,2016-01-26-70,6.103515625e-05
55,2016-01-26-82,1.49011611938e-08
55,2016-01-26-94,0.0625000000036
55,2016-01-26-106,1.52587890634e-05
55,2016-01-26-118,3.72529029868e-09
55,2016-01-26-130,0.125000000001
55,2016-01-26-142,0.250030517578
35,2016-01-26-46,1.0
35,2016-01-26-58,0.250244140625
35,2016-01-26-70,0.0625610947609
35,2016-01-26-82,1.52737047756e-05
35,2016-01-26-94,0.437500003729
35,2016-01-26-106,0.875106811524
35,2016-01-26-118,2.81271364912
35,2016-01-26-130,1.87568669767
35,2016-01-26-142,0.000457931322673
23,2016-01-26-46,56.4375
23,2016-01-26-58,93.5762786865
23,2016-01-26-70,73.7728457712
23,2016-01-26-82,70.4555109487
23,2016-01-26-94,76.2672010525
23,2016-01-26-106,56.5811199221
23,2016-01-26-118,9.51381374998
23,2016-01-26-130,30.7523227084
23,2016-01-26-142,6.63250789129
60,2016-01-26-46,2.35634015101e-14
60,2016-01-26-58,0.375
60,2016-01-26-70,0.250091552734
60,2016-01-26-82,0.687561057508
60,2016-01-26-94,0.375167861586
60,2016-01-26-106,1.00009159372
60,2016-01-26-118,0.000244162986747
60,2016-01-26-130,5.96101041863e-08
60,2016-01-26-142,1.62500000001
13,2016-01-26-46,1.125
13,2016-01-26-58,7.0002746582
13,2016-01-26-70,2.62670905143
13,2016-01-26-82,0.0631412863895
13,2016-01-26-94,0.500015415353
13,2016-01-26-106,0.375122074076
13,2016-01-26-118,9.15825376162e-05
13,2016-01-26-130,0.125000022359
13,2016-01-26-142,0.312530517584
5,2016-01-26-46,0.5
5,2016-01-26-58,0.500122070312
5,2016-01-26-70,1.06262210011
5,2016-01-26-82,0.750259429224
5,2016-01-26-94,0.125183168806
5,2016-01-26-106,0.125030562297
5,2016-01-26-118,3.05250396233e-05
5,2016-01-26-130,0.0625000074524
5,2016-01-26-142,1.52587908819e-05
10,2016-01-26-46,0.375
10,2016-01-26-58,0.937591552734
10,2016-01-26-70,0.375228904188
10,2016-01-26-82,0.250091608619
10,2016-01-26-94,6.10575216355e-05
10,2016-01-26-106,0.562500014907
10,2016-01-26-118,0.500137329105
10,2016-01-26-130,1.12512210384
10,2016-01-26-142,0.000274688013633
38,2016-01-26-46,0.125
38,2016-01-26-58,3.87503051758
38,2016-01-26-70,0.938446052372
38,2016-01-26-82,1.62522911281
38,2016-01-26-94,0.750396784451
38,2016-01-26-106,0.000183202339954
38,2016-01-26-118,0.312500044727
38,2016-01-26-130,0.437576293956
38,2016-01-26-142,0.000106830149892
29,2016-01-26-46,0.9375
29,2016-01-26-58,2.62522888184
29,2016-01-26-70,6.31314092502
29,2016-01-26-82,6.37654129417
29,2016-01-26-94,1.12655677278
29,2016-01-26-106,4.68777503827
29,2016-01-26-118,0.813644476328
29,2016-01-26-130,0.750198643671
29,2016-01-26-142,0.750183153966
33,2016-01-26-46,2.6651859527e-15
33,2016-01-26-58,1.5
33,2016-01-26-70,1.00036621094
33,2016-01-26-82,1.31274423003
33,2016-01-26-94,1.6253204942
33,2016-01-26-106,0.000396806761279
33,2016-01-26-118,0.125000096877
33,2016-01-26-130,0.250030517602
33,2016-01-26-142,0.500061042607
26,2016-01-26-46,4.6875
26,2016-01-26-58,28.6261444092
26,2016-01-26-70,1.81948880479
26,2016-01-26-82,3.18794421113
26,2016-01-26-94,2.43827830669
26,2016-01-26-106,0.37559528279
26,2016-01-26-118,6.25009169807
26,2016-01-26-130,11.9390259013
26,2016-01-26-142,1.69041480125
3,2016-01-26-46,0.125
3,2016-01-26-58,0.625030517578
3,2016-01-26-70,0.937652595341
3,2016-01-26-82,0.375228919091
3,2016-01-26-94,0.625091608623
3,2016-01-26-106,0.000152610256011
3,2016-01-26-118,0.187500037258
3,2016-01-26-130,0.500045776376
3,2016-01-26-142,0.000122081488373
48,2016-01-26-46,3.6875
48,2016-01-26-58,4.25090026855
48,2016-01-26-70,19.7510378174
48,2016-01-26-82,39.5673220307
48,2016-01-26-94,80.5721599907
48,2016-01-26-106,182.707170937
48,2016-01-26-118,6.4821062429
48,2016-01-26-130,37.2515825455
48,2016-01-26-142,7.88409462464
39,2016-01-26-46,0.9375
39,2016-01-26-58,0.500228881836
39,2016-01-26-70,0.0626221261919
39,2016-01-26-82,1.87501528861
39,2016-01-26-94,0.250457767404
39,2016-01-26-106,0.875061146916
39,2016-01-26-118,0.125213637975
39,2016-01-26-130,0.625030569736
39,2016-01-26-142,0.625152595354
40,2016-01-26-46,0.3125
40,2016-01-26-58,1.00007629395
40,2016-01-26-70,0.562744159251
40,2016-01-26-82,2.75013738871
40,2016-01-26-94,0.313171420261
40,2016-01-26-106,0.0625764578663
40,2016-01-26-118,0.250015277456
40,2016-01-26-130,6.10388860975e-05
40,2016-01-26-142,0.250000014902
12,2016-01-26-46,2.0
12,2016-01-26-58,6.93798828125
12,2016-01-26-70,14.5641938448
12,2016-01-26-82,1.25355571139
12,2016-01-26-94,2.43780604387
12,2016-01-26-106,5.18809516749
12,2016-01-26-118,0.751266624797
12,2016-01-26-130,3.3126834147
12,2016-01-26-142,6.1883087606
49,2016-01-26-46,2.19852891824e-14
49,2016-01-26-58,1.6875
49,2016-01-26-70,0.312911987305
49,2016-01-26-82,7.63945281506e-05
49,2016-01-26-94,1.86510078493e-08
49,2016-01-26-106,0.375000000005
49,2016-01-26-118,0.125091552734
49,2016-01-26-130,0.25003053993
49,2016-01-26-142,0.250061042612
52,2016-01-26-46,8.88395286624e-16
52,2016-01-26-58,2.16893380523e-19
52,2016-01-26-70,0.25
52,2016-01-26-82,0.375061035156
52,2016-01-26-94,0.125091567636
52,2016-01-26-106,0.250030539934
52,2016-01-26-118,0.250061042612
52,2016-01-26-130,0.250061050059
52,2016-01-26-142,0.125061050061
65,2016-01-26-46,0.25
65,2016-01-26-58,0.875061035156
65,2016-01-26-70,0.500213637948
65,2016-01-26-82,0.43762212247
65,2016-01-26-94,0.125106841338
65,2016-01-26-106,0.250030543662
65,2016-01-26-118,0.125061042613
65,2016-01-26-130,0.0625305324811
65,2016-01-26-142,1.52662432815e-05
30,2016-01-26-46,5.42365913302e-20
30,2016-01-26-58,0.625
30,2016-01-26-70,0.125152587891
30,2016-01-26-82,0.625030554831
30,2016-01-26-94,0.000152595350301
30,2016-01-26-106,1.25000003725
30,2016-01-26-118,0.0628051757903
30,2016-01-26-130,0.437515333295
30,2016-01-26-142,0.0626068152669
8,2016-01-26-46,123.75
8,2016-01-26-58,134.592712402
8,2016-01-26-70,44.0953595489
8,2016-01-26-82,71.2607654686
8,2016-01-26-94,67.8923976478
8,2016-01-26-106,46.1415752924
8,2016-01-26-118,8.38626503303
8,2016-01-26-130,69.814547428
8,2016-01-26-142,4.57954456724
44,2016-01-26-46,4.25
44,2016-01-26-58,0.251037597656
44,2016-01-26-70,0.375061288476
44,2016-01-26-82,0.125091567697
44,2016-01-26-94,3.05399335199e-05
44,2016-01-26-106,0.250000007456
44,2016-01-26-118,0.750061035158
44,2016-01-26-130,0.000183120369912
44,2016-01-26-142,4.47071215605e-08
22,2016-01-26-46,3.1875
22,2016-01-26-58,5.37577819824
22,2016-01-26-70,5.93881244585
22,2016-01-26-82,4.56394990538
22,2016-01-26-94,8.87611424558
22,2016-01-26-106,12.3146670201
22,2016-01-26-118,8.2530065105
22,2016-01-26-130,7.31451489417
22,2016-01-26-142,1.43928577024
34,2016-01-26-46,0.25
34,2016-01-26-58,0.250061035156
34,2016-01-26-70,0.625061050057
34,2016-01-26-82,0.937652602795
34,2016-01-26-94,0.187728919092
34,2016-01-26-106,0.625045832256
34,2016-01-26-118,0.000152599080141
34,2016-01-26-130,0.812500037256
34,2016-01-26-142,0.250198364267
1,2016-01-26-46,0.5
1,2016-01-26-58,3.18762207031
1,2016-01-26-70,2.87577822804
1,2016-01-26-82,1.75070209429
1,2016-01-26-94,2.6879274175
1,2016-01-26-106,2.75065623228
1,2016-01-26-118,2.56317154693
1,2016-01-26-130,3.5006257743
1,2016-01-26-142,2.56335464496
20,2016-01-26-46,1.3125
20,2016-01-26-58,6.56282043457
20,2016-01-26-70,5.87660225108
20,2016-01-26-82,3.81393471735
20,2016-01-26-94,2.12593113641
20,2016-01-26-106,2.37551902616
20,2016-01-26-118,3.0630799607
20,2016-01-26-130,4.75074782226
20,2016-01-26-142,2.00115985054
7,2016-01-26-46,23.0
7,2016-01-26-58,15.5681152344
7,2016-01-26-70,9.31630080938
7,2016-01-26-82,37.4397744875
7,2016-01-26-94,33.1966405699
7,2016-01-26-106,101.883104649
7,2016-01-26-118,24.3998738048
7,2016-01-26-130,51.6934570004
7,2016-01-26-142,2.0751204729
19,2016-01-26-46,0.0625
19,2016-01-26-58,1.62501525879
19,2016-01-26-70,5.68789673224
19,2016-01-26-82,1.31388864666
19,2016-01-26-94,0.500320773595
19,2016-01-26-106,0.812622148626
19,2016-01-26-118,1.00019839408
19,2016-01-26-130,0.187744189061
19,2016-01-26-142,2.00004583598
62,2016-01-26-46,0.6875
62,2016-01-26-58,0.37516784668
62,2016-01-26-70,9.15937125683e-05
62,2016-01-26-82,0.750000022362
62,2016-01-26-94,0.125183105474
62,2016-01-26-106,3.05622816099e-05
62,2016-01-26-118,7.46149453367e-09
62,2016-01-26-130,0.562500000002
62,2016-01-26-142,0.250137329102
17,2016-01-26-46,0.1875
17,2016-01-26-58,2.12504577637
17,2016-01-26-70,0.688018810004
17,2016-01-26-82,0.250167973342
17,2016-01-26-94,6.10761653668e-05
17,2016-01-26-106,0.250000014911
17,2016-01-26-118,6.10351598904e-05
17,2016-01-26-130,0.125000014901
17,2016-01-26-142,3.0517581763e-05
37,2016-01-26-46,27.8125
37,2016-01-26-58,129.069290161
37,2016-01-26-70,25.1565110572
37,2016-01-26-82,32.8186417263
37,2016-01-26-94,24.6330123637
37,2016-01-26-106,7.38101391903
37,2016-01-26-118,2.62680200535
37,2016-01-26-130,10.1881413091
37,2016-01-26-142,1.06498733919
4,2016-01-26-46,2.625
4,2016-01-26-58,32.8131408691
4,2016-01-26-70,5.25801102072
4,2016-01-26-82,6.1887836941
4,2016-01-26-94,1.43901093352
4,2016-01-26-106,0.812851321029
4,2016-01-26-118,1.00019845003
4,2016-01-26-130,5.56274418907
4,2016-01-26-142,0.876358091843
9,2016-01-26-46,0.3125
9,2016-01-26-58,12.6875762939
9,2016-01-26-70,3.44059755281
9,2016-01-26-82,2.12583998964
9,2016-01-26-94,2.1255190039
9,2016-01-26-106,0.563018925538
9,2016-01-26-118,1.00013745579
9,2016-01-26-130,0.625244174184
9,2016-01-26-142,0.187652647503
57,2016-01-26-46,0.1875
57,2016-01-26-58,0.250045776367
57,2016-01-26-70,0.250061046332
57,2016-01-26-82,6.10500601397e-05
57,2016-01-26-94,0.187500014905
57,2016-01-26-106,4.57763708264e-05
57,2016-01-26-118,1.11758717838e-08
57,2016-01-26-130,0.0625000000027
57,2016-01-26-142,0.0625152587891
64,2016-01-26-46,0.5
64,2016-01-26-58,0.0626220703125
64,2016-01-26-70,1.52885913849e-05
64,2016-01-26-82,0.375000003733
64,2016-01-26-94,0.0625915527353
64,2016-01-26-106,0.500015281141
64,2016-01-26-118,0.125122074043
64,2016-01-26-130,3.05473813582e-05
64,2016-01-26-142,0.125000007458
54,2016-01-26-46,4.44089236346e-16
54,2016-01-26-58,0.625
54,2016-01-26-70,0.000152587890625
54,2016-01-26-82,3.72529029846e-08
54,2016-01-26-94,9.09494701773e-12
54,2016-01-26-106,1.25
54,2016-01-26-118,0.375305175781
54,2016-01-26-130,9.1627240181e-05
54,2016-01-26-142,2.23699316848e-08
45,2016-01-26-46,0.0625
45,2016-01-26-58,0.500015258789
45,2016-01-26-70,0.375122074038
45,2016-01-26-82,0.250091582538
45,2016-01-26-94,0.750061057515
45,2016-01-26-106,0.125183120375
45,2016-01-26-118,0.500030562285
45,2016-01-26-130,0.125122077774
45,2016-01-26-142,0.0625305473823
42,2016-01-26-46,0.75
42,2016-01-26-58,2.50018310547
42,2016-01-26-70,14.1881103963
42,2016-01-26-82,7.37846389414
42,2016-01-26-94,3.00180138279
42,2016-01-26-106,0.500732861666
42,2016-01-26-118,0.937622249234
42,2016-01-26-130,2.00022891168
42,2016-01-26-142,1.37548833714
58,2016-01-26-46,0.0625
58,2016-01-26-58,1.81251525879
58,2016-01-26-70,1.62544250861
58,2016-01-26-82,0.81289683655
58,2016-01-26-94,0.437698461142
58,2016-01-26-106,0.000106859975865
58,2016-01-26-118,2.60888612951e-08
58,2016-01-26-130,0.125000000006
58,2016-01-26-142,0.500030517578
36,2016-01-26-46,0.125
36,2016-01-26-58,0.562530517578
36,2016-01-26-70,1.00013733655
36,2016-01-26-82,0.0627441741544
36,2016-01-26-94,0.187515318402
36,2016-01-26-106,0.500045780107
36,2016-01-26-118,0.375122081489
36,2016-01-26-130,1.06259158254
36,2016-01-26-142,0.000259421773081
51,2016-01-26-46,4.8125
51,2016-01-26-58,11.8136749268
51,2016-01-26-70,46.440384198
51,2016-01-26-82,63.1363379844
51,2016-01-26-94,156.202914145
51,2016-01-26-106,352.350635477
51,2016-01-26-118,29.5860231044
51,2016-01-26-130,331.56972315
51,2016-01-26-142,28.8934496394
59,2016-01-26-46,8.375
59,2016-01-26-58,0.502044677734
59,2016-01-26-70,0.125122569501
59,2016-01-26-82,0.500030547502
59,2016-01-26-94,0.0626220777704
59,2016-01-26-106,1.52885932057e-05
59,2016-01-26-118,3.7325667006e-09
59,2016-01-26-130,9.11271167139e-13
59,2016-01-26-142,2.2247831229e-16
15,2016-01-26-46,7.90401743308e-31
15,2016-01-26-58,1.92969175612e-34
15,2016-01-26-70,4.71116151397e-38
15,2016-01-26-82,1.1501859165e-41
15,2016-01-26-94,2.8080710852e-45
15,2016-01-26-106,0.25
15,2016-01-26-118,6.103515625e-05
15,2016-01-26-130,1.49011611938e-08
15,2016-01-26-142,3.63797880709e-12
11,2016-01-26-46,0.125
11,2016-01-26-58,2.31253051758
11,2016-01-26-70,2.50056458265
11,2016-01-26-82,0.9381104894
11,2016-01-26-94,0.125229030881
11,2016-01-26-106,0.562530573494
11,2016-01-26-118,0.000137336565794
11,2016-01-26-130,0.750000033529
11,2016-01-26-142,0.562683105477
61,2016-01-26-46,0.0625
61,2016-01-26-58,1.52587890625e-05
61,2016-01-26-70,3.72529029846e-09
61,2016-01-26-82,0.0625000000009
61,2016-01-26-94,0.562515258789
61,2016-01-26-106,0.125137332827
61,2016-01-26-118,3.05511066472e-05
61,2016-01-26-130,0.875000007459
61,2016-01-26-142,0.250213623049
2,2016-01-26-46,0.4375
2,2016-01-26-58,0.250106811523
2,2016-01-26-70,0.250061061233
2,2016-01-26-82,0.250061050064
2,2016-01-26-94,0.250061050061
2,2016-01-26-106,0.625061050061
2,2016-01-26-118,0.437652602795
2,2016-01-26-130,0.000106848779979
2,2016-01-26-142,0.312500026086
53,2016-01-26-46,0.125
53,2016-01-26-58,5.43753051758
53,2016-01-26-70,0.876327522099
53,2016-01-26-82,2.62521394715
53,2016-01-26-94,0.125640921374
53,2016-01-26-106,0.375030674053
53,2016-01-26-118,0.750091560223
53,2016-01-26-130,0.00018312782232
53,2016-01-26-142,0.500000044709
41,2016-01-26-46,1.77635699824e-15
41,2016-01-26-58,5.3125
41,2016-01-26-70,2.56379699707
41,2016-01-26-82,0.688125927001
41,2016-01-26-94,0.250167999494
41,2016-01-26-106,1.25006107617
41,2016-01-26-118,0.000305190692425
41,2016-01-26-130,0.250000074509
41,2016-01-26-142,6.10351744408e-05
27,2016-01-26-46,5.3125
27,2016-01-26-58,5.06379699707
27,2016-01-26-70,7.12623627856
27,2016-01-26-82,5.18923980378
27,2016-01-26-94,3.43876690425
27,2016-01-26-106,4.9383395427
27,2016-01-26-118,2.6262056493
27,2016-01-26-130,4.93814116349
27,2016-01-26-142,2.12620560087
32,2016-01-26-46,2.1875
32,2016-01-26-58,0.813034057617
32,2016-01-26-70,0.125198494643
32,2016-01-26-82,3.05660387312e-05
32,2016-01-26-94,0.437500007462
32,2016-01-26-106,0.125106811525
32,2016-01-26-118,0.250030543655
32,2016-01-26-130,0.500061042613
32,2016-01-26-142,0.250122085215
50,2016-01-24-46,0.0
50,2016-01-24-58,0.4375
50,2016-01-24-70,0.812606811523
50,2016-01-24-82,0.000198390334845
50,2016-01-24-94,4.84351403429e-08
50,2016-01-24-106,0.125000000012
50,2016-01-24-118,3.05175781279e-05
50,2016-01-24-130,0.250000007451
50,2016-01-24-142,6.1035158069e-05
43,2016-01-24-46,2.16840440959e-19
43,2016-01-24-58,0.25
43,2016-01-24-70,0.375061035156
43,2016-01-24-82,0.500091567636
43,2016-01-24-94,0.187622092668
43,2016-01-24-106,0.125045806175
43,2016-01-24-118,3.05287612732e-05
43,2016-01-24-130,1.25000000745
43,2016-01-24-142,0.750305175783
63,2016-01-24-46,2.66561946128e-15
63,2016-01-24-58,6.50786001289e-19
63,2016-01-24-70,1.58883301096e-22
63,2016-01-24-82,0.5
63,2016-01-24-94,0.0001220703125
63,2016-01-24-106,2.98023223877e-08
63,2016-01-24-118,1.12500000001
63,2016-01-24-130,0.000274658203127
63,2016-01-24-142,6.70552253727e-08
46,2016-01-24-46,2.38228016417e-22
46,2016-01-24-58,21.6875
46,2016-01-24-70,58.6927947998
46,2016-01-24-82,13.3893292956
46,2016-01-24-94,0.440768879223
46,2016-01-24-106,1.56260760959
46,2016-01-24-118,1.375381496
46,2016-01-24-130,2.4378357865
46,2016-01-24-142,0.875595174753
56,2016-01-24-46,3.11073895444e-15
56,2016-01-24-58,0.625
56,2016-01-24-70,0.812652587891
56,2016-01-24-82,0.0626984015107
56,2016-01-24-94,0.250015307227
56,2016-01-24-106,0.0625610388934
56,2016-01-24-118,1.56251527369
56,2016-01-24-130,2.06288147346
56,2016-01-24-142,0.00050363317223
6,2016-01-24-46,1.78926446008e-18
6,2016-01-24-58,3.5
6,2016-01-24-70,2.62585449219
6,2016-01-24-82,1.68814107776
6,2016-01-24-94,0.750412143818
6,2016-01-24-106,0.56268320609
6,2016-01-24-118,0.12513737383
6,2016-01-24-130,3.05511166576e-05
6,2016-01-24-142,0.250000007459
66,2016-01-24-46,8.88178446199e-16
66,2016-01-24-58,2.16840440967e-19
66,2016-01-24-70,0.25
66,2016-01-24-82,0.0625610351562
66,2016-01-24-94,1.52736902237e-05
66,2016-01-24-106,3.72892827727e-09
66,2016-01-24-118,0.0625000000009
66,2016-01-24-130,0.125015258789
66,2016-01-24-142,3.05213034153e-05
31,2016-01-24-46,1.08433452138e-19
31,2016-01-24-58,3.375
31,2016-01-24-70,1.50082397461
31,2016-01-24-82,1.1253664121
31,2016-01-24-94,0.687774747659
31,2016-01-24-106,0.500167913757
31,2016-01-24-118,2.06262211131
31,2016-01-24-130,0.500503569851
31,2016-01-24-142,2.56262219325
18,2016-01-24-46,9.10426291957e-15
18,2016-01-24-58,0.875
18,2016-01-24-70,1.12521362305
18,2016-01-24-82,0.312774710357
18,2016-01-24-94,0.0625763610133
18,2016-01-24-106,0.125015277432
18,2016-01-24-118,0.250030521308
18,2016-01-24-130,0.750061042608
18,2016-01-24-142,3.81268312037
28,2016-01-24-46,1.35453714747e-14
28,2016-01-24-58,1.0625
28,2016-01-24-70,5.18775939941
28,2016-01-24-82,2.62626654282
28,2016-01-24-94,2.43814117836
28,2016-01-24-106,4.31309524931
28,2016-01-24-118,3.56355300177
28,2016-01-24-130,6.12587000806
28,2016-01-24-142,10.0639955737
14,2016-01-24-46,3.57544947382e-14
14,2016-01-24-58,3.625
14,2016-01-24-70,9.12588500977
14,2016-01-24-82,2.06472799927
14,2016-01-24-94,2.06300408398
14,2016-01-24-106,0.875503663106
14,2016-01-24-118,2.25021374601
14,2016-01-24-130,1.87554936859
14,2016-01-24-142,2.3129578978
16,2016-01-24-46,8.21727716199e-15
16,2016-01-24-58,2.00617118213e-18
16,2016-01-24-70,1.1875
16,2016-01-24-82,0.0627899169922
16,2016-01-24-94,0.25001532957
16,2016-01-24-106,0.750061038899
16,2016-01-24-118,0.250183120371
16,2016-01-24-130,0.250061079863
16,2016-01-24-142,0.125061050068
21,2016-01-24-46,4.44306103263e-16
21,2016-01-24-58,0.5
21,2016-01-24-70,1.43762207031
21,2016-01-24-82,0.562850981951
21,2016-01-24-94,0.562637414791
21,2016-01-24-106,2.25013736265
21,2016-01-24-118,2.06304934994
21,2016-01-24-130,0.875503674158
21,2016-01-24-142,0.500213746014
24,2016-01-24-46,1.77711621779e-15
24,2016-01-24-58,25.9375
24,2016-01-24-70,34.1313323975
24,2016-01-24-82,7.32083284482
24,2016-01-24-94,1.06428731271
24,2016-01-24-106,1.68775983577
24,2016-01-24-118,3.18791205074
24,2016-01-24-130,4.06327829884
24,2016-01-24-142,1.6884920113
25,2016-01-24-46,5.9987286651e-15
25,2016-01-24-58,0.1875
25,2016-01-24-70,0.250045776367
25,2016-01-24-82,0.625061046332
25,2016-01-24-94,0.500152602795
25,2016-01-24-106,0.937622107569
25,2016-01-24-118,0.125228911647
25,2016-01-24-130,0.250030573465
25,2016-01-24-142,1.43756104262
47,2016-01-24-46,5.10724278023e-15
47,2016-01-24-58,1.6875
47,2016-01-24-70,1.6879119873
47,2016-01-24-82,1.68791208789
47,2016-01-24-94,0.500412087912
47,2016-01-24-106,0.43762217092
47,2016-01-24-118,1.43760684135
47,2016-01-24-130,0.250350978233
47,2016-01-24-142,0.500061120844
55,2016-01-24-46,1.77657398426e-15
55,2016-01-24-58,4.33733882876e-19
55,2016-01-24-70,0.5
55,2016-01-24-82,0.0001220703125
55,2016-01-24-94,2.98023223877e-08
55,2016-01-24-106,7.27595761418e-12
55,2016-01-24-118,1.7763568394e-15
55,2016-01-24-130,4.33680868994e-19
55,2016-01-24-142,1.1875
35,2016-01-24-46,4.21884749358e-15
35,2016-01-24-58,0.9375
35,2016-01-24-70,0.500228881836
35,2016-01-24-82,0.125122126192
35,2016-01-24-94,3.05473940898e-05
35,2016-01-24-106,0.250000007458
35,2016-01-24-118,0.250061035158
35,2016-01-24-130,0.187561050057
35,2016-01-24-142,0.187545791272
23,2016-01-24-46,6.66296498053e-16
23,2016-01-24-58,26.25
23,2016-01-24-70,26.7564086914
23,2016-01-24-82,8.56903232634
23,2016-01-24-94,5.06459204891
23,2016-01-24-106,5.75123647267
23,2016-01-24-118,4.00140411047
23,2016-01-24-130,58.0634769053
23,2016-01-24-142,5.63917565354
60,2016-01-24-46,2.00343764815e-14
60,2016-01-24-58,0.0625
60,2016-01-24-70,0.500015258789
60,2016-01-24-82,0.125122074038
60,2016-01-24-94,0.0625305473814
60,2016-01-24-106,1.52662469193e-05
60,2016-01-24-118,3.72711106428e-09
60,2016-01-24-130,9.09939224677e-13
60,2016-01-24-142,2.22153131025e-16
13,2016-01-24-46,7.8924646738e-31
13,2016-01-24-58,0.625
13,2016-01-24-70,1.43765258789
13,2016-01-24-82,0.250350989401
13,2016-01-24-94,0.187561120847
13,2016-01-24-106,0.312545791289
13,2016-01-24-118,0.0625763051248
13,2016-01-24-130,0.437515277418
13,2016-01-24-142,0.187606815253
5,2016-01-24-46,6.66513298787e-16
5,2016-01-24-58,1.62722973337e-19
5,2016-01-24-70,1.1875
5,2016-01-24-82,0.625289916992
5,2016-01-24-94,0.312652658671
5,2016-01-24-106,7.63312154959e-05
5,2016-01-24-118,1.86355506582e-08
5,2016-01-24-130,4.54969498491e-12
5,2016-01-24-142,0.375
10,2016-01-24-46,1.33226762955e-15
10,2016-01-24-58,0.625
10,2016-01-24-70,0.000152587890625
10,2016-01-24-82,0.187500037253
10,2016-01-24-94,0.687545776376
10,2016-01-24-106,0.250167857856
10,2016-01-24-118,0.875061076137
10,2016-01-24-130,0.500213637958
10,2016-01-24-142,0.000122122470205
38,2016-01-24-46,4.33866170385e-19
38,2016-01-24-58,1.375
38,2016-01-24-70,2.37533569336
38,2016-01-24-82,1.06307991594
38,2016-01-24-94,0.437759540995
38,2016-01-24-106,0.0626068748879
38,2016-01-24-118,0.250015284882
38,2016-01-24-130,0.187561038888
38,2016-01-24-142,0.375045791269
29,2016-01-24-46,1.33243031282e-15
29,2016-01-24-58,4.875
29,2016-01-24-70,4.62619018555
29,2016-01-24-82,2.62612944096
29,2016-01-24-94,0.438141144883
29,2016-01-24-106,1.68760696805
29,2016-01-24-118,1.00041201342
29,2016-01-24-130,1.50024424121
29,2016-01-24-142,0.500366270567
33,2016-01-24-46,1.77765809385e-15
33,2016-01-24-58,0.3125
33,2016-01-24-70,0.625076293945
33,2016-01-24-82,0.250152606517
33,2016-01-24-94,0.125061072414
33,2016-01-24-106,3.05324883823e-05
33,2016-01-24-118,0.125000007454
33,2016-01-24-130,0.31253051758
33,2016-01-24-142,0.500076301396
26,2016-01-24-46,1.77662791641e-15
26,2016-01-24-58,1.5
26,2016-01-24-70,11.4378662109
26,2016-01-24-82,3.44029244781
26,2016-01-24-94,1.12583991515
26,2016-01-24-106,0.375274863261
26,2016-01-24-118,0.37509161984
26,2016-01-24-130,0.562591575102
26,2016-01-24-142,0.000137351458765
3,2016-01-24-46,4.87970406359e-19
3,2016-01-24-58,0.625
3,2016-01-24-70,0.562652587891
3,2016-01-24-82,0.0626373663545
3,2016-01-24-94,0.125015292326
3,2016-01-24-106,0.500030521312
3,2016-01-24-118,0.125122077764
3,2016-01-24-130,3.05473822666e-05
3,2016-01-24-142,0.750000007458
48,2016-01-24-46,2.6645352856e-15
48,2016-01-24-58,3.0
48,2016-01-24-70,2.56323242188
48,2016-01-24-82,4.62562578917
48,2016-01-24-94,8.12612930317
48,2016-01-24-106,59.0644839183
48,2016-01-24-118,2.70192004002
48,2016-01-24-130,26.6256596484
48,2016-01-24-142,6.81900040519
39,2016-01-24-46,2.42259560153e-14
39,2016-01-24-58,0.9375
39,2016-01-24-70,0.750228881836
39,2016-01-24-82,0.0626831613481
39,2016-01-24-94,1.53035061885e-05
39,2016-01-24-106,0.562500003736
39,2016-01-24-118,0.125137329102
39,2016-01-24-130,2.37503055111
39,2016-01-24-142,0.563079841443
40,2016-01-24-46,2.00046145495e-15
40,2016-01-24-58,0.875
40,2016-01-24-70,0.875213623047
40,2016-01-24-82,0.812713675201
40,2016-01-24-94,0.375198416425
40,2016-01-24-106,0.500091601176
40,2016-01-24-118,0.437622092676
40,2016-01-24-130,2.06260684133
40,2016-01-24-142,0.375503566123
12,2016-01-24-46,1.3340566558e-15
12,2016-01-24-58,0.8125
12,2016-01-24-70,2.93769836426
12,2016-01-24-82,1.25071721151
12,2016-01-24-94,1.87530535088
12,2016-01-24-106,2.12545783822
12,2016-01-24-118,1.68801891061
12,2016-01-24-130,2.87541211399
12,2016-01-24-142,1.81320200491
49,2016-01-24-46,6.44178756527e-15
49,2016-01-24-58,2.25
49,2016-01-24-70,0.00054931640625
49,2016-01-24-82,0.12500013411
49,2016-01-24-94,0.0625305176109
49,2016-01-24-106,0.0625152662397
49,2016-01-24-118,0.750015262516
49,2016-01-24-130,0.437683109195
49,2016-01-24-142,0.000106856227831
52,2016-01-24-46,3.7962958228e-19
52,2016-01-24-58,0.0625
52,2016-01-24-70,0.187515258789
52,2016-01-24-82,0.500045780092
52,2016-01-24-94,0.00012208148928
52,2016-01-24-106,2.98050510938e-08
52,2016-01-24-118,0.250000000007
52,2016-01-24-130,6.10351562518e-05
52,2016-01-24-142,1.49011611943e-08
65,2016-01-24-46,5.29395592049e-23
65,2016-01-24-58,0.75
65,2016-01-24-70,0.312683105469
65,2016-01-24-82,0.375076338649
65,2016-01-24-94,9.15713717404e-05
65,2016-01-24-106,0.0625000223563
65,2016-01-24-118,1.12501525879
65,2016-01-24-130,0.0627746619284
65,2016-01-24-142,1.53258451974e-05
30,2016-01-24-46,5.44483398719e-20
30,2016-01-24-58,1.32930517265e-23
30,2016-01-24-70,1.5625
30,2016-01-24-82,0.000381469726562
30,2016-01-24-94,0.562500093132
30,2016-01-24-106,0.0001373291243
30,2016-01-24-118,3.35276182373e-08
30,2016-01-24-130,0.250000000008
30,2016-01-24-142,0.187561035156
8,2016-01-24-46,6.6635065521e-16
8,2016-01-24-58,25.875
8,2016-01-24-70,40.3188171387
8,2016-01-24-82,17.3223434612
8,2016-01-24-94,5.12922908776
8,2016-01-24-106,4.7512522532
8,2016-01-24-118,4.37615997369
8,2016-01-24-130,28.3760683984
8,2016-01-24-142,2.00692775107
44,2016-01-24-46,7.1300396736e-15
44,2016-01-24-58,0.0625
44,2016-01-24-70,0.0625152587891
44,2016-01-24-82,0.0625152625144
44,2016-01-24-94,0.0625152625153
44,2016-01-24-106,0.375015262515
44,2016-01-24-118,9.1556460575e-05
44,2016-01-24-130,2.23526515076e-08
44,2016-01-24-142,0.125000000005
22,2016-01-24-46,4.44089209869e-16
22,2016-01-24-58,4.0625
22,2016-01-24-70,5.12599182129
22,2016-01-24-82,4.81375146285
22,2016-01-24-94,5.93867523229
22,2016-01-24-106,10.5639498719
22,2016-01-24-118,9.62757908932
22,2016-01-24-130,7.87735048318
22,2016-01-24-142,3.81442318127
34,2016-01-24-46,1.35515534128e-14
34,2016-01-24-58,0.4375
34,2016-01-24-70,1.50010681152
34,2016-01-24-82,1.12536623701
34,2016-01-24-94,0.750274747616
34,2016-01-24-106,0.250183172546
34,2016-01-24-118,6.10798761098e-05
34,2016-01-24-130,0.625000014912
34,2016-01-24-142,0.0626525878943
1,2016-01-24-46,2.22586706024e-16
1,2016-01-24-58,0.5
1,2016-01-24-70,2.68762207031
1,2016-01-24-82,2.06315615773
1,2016-01-24-94,2.25050370023
1,2016-01-24-106,3.31304943938
1,2016-01-24-118,3.37580884996
1,2016-01-24-130,3.12582417208
1,2016-01-24-142,3.43826314067
20,2016-01-24-46,1.22151644912e-14
20,2016-01-24-58,1.875
20,2016-01-24-70,7.68795776367
20,2016-01-24-82,0.939376942813
20,2016-01-24-94,1.81272934007
20,2016-01-24-106,0.812942560874
20,2016-01-24-118,1.8126984723
20,2016-01-24-130,1.50044255334
20,2016-01-24-142,2.37536631898
7,2016-01-24-46,8.43899641361e-15
7,2016-01-24-58,8.0
7,2016-01-24-70,7.814453125
7,2016-01-24-82,8.56440782547
7,2016-01-24-94,2.25209091988
7,2016-01-24-106,3.93804982688
7,2016-01-24-118,3.43846143795
7,2016-01-24-130,9.12583946812
7,2016-01-24-142,2.18972798815
19,2016-01-24-46,7.77947657636e-15
19,2016-01-24-58,0.4375
19,2016-01-24-70,1.18760681152
19,2016-01-24-82,0.875289943069
19,2016-01-24-94,0.687713693834
19,2016-01-24-106,1.06266789885
19,2016-01-24-118,0.500259440405
19,2016-01-24-130,1.68762213365
19,2016-01-24-142,0.812912017122
62,2016-01-24-46,2.88804364289e-15
62,2016-01-24-58,0.125
62,2016-01-24-70,1.68753051758
62,2016-01-24-82,0.937911994755
62,2016-01-24-94,0.0627289824206
62,2016-01-24-106,2.00001531469
62,2016-01-24-118,0.000488284988939
62,2016-01-24-130,1.18750011921
62,2016-01-24-142,0.250289917021
17,2016-01-24-46,8.89208411867e-16
17,2016-01-24-58,2.17091897429e-19
17,2016-01-24-70,0.625
17,2016-01-24-82,0.000152587890625
17,2016-01-24-94,3.72529029846e-08
17,2016-01-24-106,9.09494701773e-12
17,2016-01-24-118,2.22044604925e-15
17,2016-01-24-130,0.375
17,2016-01-24-142,0.250091552734
37,2016-01-24-46,8.88503680352e-16
37,2016-01-24-58,18.25
37,2016-01-24-70,65.6294555664
37,2016-01-24-82,20.0785228163
37,2016-01-24-94,2.00490198311
37,2016-01-24-106,2.68798947802
37,2016-01-24-118,1.31315624743
37,2016-01-24-130,8.62532059479
37,2016-01-24-142,1.18960579116
4,2016-01-24-46,4.22632876664e-15
4,2016-01-24-58,1.5625
4,2016-01-24-70,2.81288146973
4,2016-01-24-82,4.18818673864
4,2016-01-24-94,1.18852250653
4,2016-01-24-106,0.750290166628
4,2016-01-24-118,1.68768317631
4,2016-01-24-130,6.18791203203
4,2016-01-24-142,0.564010720711
9,2016-01-24-46,2.00376860246e-15
9,2016-01-24-58,1.25
9,2016-01-24-70,2.12530517578
9,2016-01-24-82,0.313018873334
9,2016-01-24-94,0.375076420623
9,2016-01-24-106,0.687591571392
9,2016-01-24-118,1.18766786904
9,2016-01-24-130,0.937789957976
9,2016-01-24-142,0.500228952626
57,2016-01-24-46,1.77717024253e-15
57,2016-01-24-58,0.0625
57,2016-01-24-70,1.52587890625e-05
57,2016-01-24-82,0.0625000037253
57,2016-01-24-94,1.5258789972e-05
57,2016-01-24-106,0.312500003725
57,2016-01-24-118,0.0625762939462
57,2016-01-24-130,1.52774155142e-05
57,2016-01-24-142,3.72983777202e-09
64,2016-01-24-46,1.32510456724e-23
64,2016-01-24-58,0.25
64,2016-01-24-70,6.103515625e-05
64,2016-01-24-82,0.937500014901
64,2016-01-24-94,0.50022888184
64,2016-01-24-106,0.000122126191855
64,2016-01-24-118,0.312500029816
64,2016-01-24-130,0.250076293953
64,2016-01-24-142,0.250061053783
54,2016-01-24-46,8.88395326309e-16
54,2016-01-24-58,2.16893390212e-19
54,2016-01-24-70,0.5
54,2016-01-24-82,0.312622070312
54,2016-01-24-94,0.250076323748
54,2016-01-24-106,0.37506105379
54,2016-01-24-118,0.37509156764
54,2016-01-24-130,9.15750897559e-05
54,2016-01-24-142,0.500000022357
45,2016-01-24-46,1.77635691883e-15
45,2016-01-24-58,0.375
45,2016-01-24-70,2.25009155273
45,2016-01-24-82,2.18804933876
45,2016-01-24-94,0.125534191733
45,2016-01-24-106,0.250030647996
45,2016-01-24-118,6.10426386709e-05
45,2016-01-24-130,0.250000014903
45,2016-01-24-142,6.10351598884e-05
42,2016-01-24-46,2.16840447423e-19
42,2016-01-24-58,4.5
42,2016-01-24-70,3.50109863281
42,2016-01-24-82,0.625854760408
42,2016-01-24-94,1.75015279657
42,2016-01-24-106,2.0004272834
42,2016-01-24-118,1.68798838557
42,2016-01-24-130,2.31291210654
42,2016-01-24-142,0.750564675807
58,2016-01-24-46,2.66654139056e-15
58,2016-01-24-58,1.5625
58,2016-01-24-70,0.812881469727
58,2016-01-24-82,0.50019845739
58,2016-01-24-94,1.12512211876
58,2016-01-24-106,0.000274688017276
58,2016-01-24-118,0.625000067063
58,2016-01-24-130,0.500152587907
58,2016-01-24-142,0.000122107565407
36,2016-01-24-46,4.33813217906e-19
36,2016-01-24-58,0.25
36,2016-01-24-70,0.375061035156
36,2016-01-24-82,0.312591567636
36,2016-01-24-94,1.0000763163
36,2016-01-24-106,0.125244159257
36,2016-01-24-118,0.375030577187
36,2016-01-24-130,0.2500915602
36,2016-01-24-142,6.10575098143e-05
51,2016-01-24-46,2.16919850311e-19
51,2016-01-24-58,3.8125
51,2016-01-24-70,3.81343078613
51,2016-01-24-82,5.06343101338
51,2016-01-24-94,4.81373618921
51,2016-01-24-106,16.3136752286
51,2016-01-24-118,8.75398283087
51,2016-01-24-130,276.877137203
51,2016-01-24-142,19.8175969573
59,2016-01-24-46,7.04062477912e-14
59,2016-01-24-58,0.125
59,2016-01-24-70,0.750030517578
59,2016-01-24-82,0.812683112919
59,2016-01-24-94,0.250198408963
59,2016-01-24-106,6.10835959383e-05
59,2016-01-24-118,1.49129872896e-08
59,2016-01-24-130,0.125000000004
59,2016-01-24-142,0.500030517578
15,2016-01-24-46,1.77646525962e-15
15,2016-01-24-58,4.33707338774e-19
15,2016-01-24-70,1.05885580755e-22
15,2016-01-24-82,2.58509718641e-26
15,2016-01-24-94,0.375
15,2016-01-24-106,9.1552734375e-05
15,2016-01-24-118,2.23517417908e-08
15,2016-01-24-130,5.45696821064e-12
15,2016-01-24-142,0.0625
11,2016-01-24-46,2.22044604925e-16
11,2016-01-24-58,0.625
11,2016-01-24-70,0.750152587891
11,2016-01-24-82,0.687683142722
11,2016-01-24-94,0.187667891392
11,2016-01-24-106,0.187545817356
11,2016-01-24-118,0.0625457875531
11,2016-01-24-130,0.875015269968
11,2016-01-24-142,0.000213626774894
61,2016-01-24-46,7.58954765326e-19
61,2016-01-24-58,0.1875
61,2016-01-24-70,4.57763671875e-05
61,2016-01-24-82,0.125000011176
61,2016-01-24-94,0.125030517581
61,2016-01-24-106,0.125030525029
61,2016-01-24-118,0.187530525031
61,2016-01-24-130,0.25004578382
61,2016-01-24-142,6.10463339403e-05
2,2016-01-24-46,2.1688014563e-19
2,2016-01-24-58,0.125
2,2016-01-24-70,3.0517578125e-05
2,2016-01-24-82,0.250000007451
2,2016-01-24-94,0.375061035158
2,2016-01-24-106,0.375091567636
2,2016-01-24-118,0.0625915750898
2,2016-01-24-130,0.250015281146
2,2016-01-24-142,0.312561038887
53,2016-01-24-46,1.11043987831e-15
53,2016-01-24-58,1.0
53,2016-01-24-70,0.875244140625
53,2016-01-24-82,0.0627136826515
53,2016-01-24-94,0.0625153109577
53,2016-01-24-106,0.250015262527
53,2016-01-24-118,0.437561038882
53,2016-01-24-130,0.250106826426
53,2016-01-24-142,0.750061061237
41,2016-01-24-46,2.66475219219e-15
41,2016-01-24-58,1.8125
41,2016-01-24-70,1.68794250488
41,2016-01-24-82,0.000412095338106
41,2016-01-24-94,0.250000100609
41,2016-01-24-106,0.250061035181
41,2016-01-24-118,0.0625610500574
41,2016-01-24-130,1.93751527369
41,2016-01-24-142,0.12547302619
27,2016-01-24-46,4.45769736465e-16
27,2016-01-24-58,6.375
27,2016-01-24-70,7.37655639648
27,2016-01-24-82,6.62680091709
27,2016-01-24-94,5.00161787132
27,2016-01-24-106,4.31372109811
27,2016-01-24-118,3.12605315456
27,2016-01-24-130,4.06326319657
27,2016-01-24-142,3.37599200762
32,2016-01-24-46,1.1993932985e-14
32,2016-01-24-58,2.92820629516e-18
32,2016-01-24-70,0.25
32,2016-01-24-82,0.187561035156
32,2016-01-24-94,0.0625457912683
32,2016-01-24-106,0.375015269969
32,2016-01-24-118,0.250091556462
32,2016-01-24-130,0.312561057509
32,2016-01-24-142,7.63088519309e-05
