50,2016-01-22-46,0
50,2016-01-22-58,1
50,2016-01-22-70,0
50,2016-01-22-82,0
50,2016-01-22-106,0
50,2016-01-22-118,2
50,2016-01-22-130,0
50,2016-01-22-142,1
43,2016-01-22-46,0
43,2016-01-22-58,0
43,2016-01-22-70,2
43,2016-01-22-82,2
43,2016-01-22-94,0
43,2016-01-22-106,2
43,2016-01-22-118,0
43,2016-01-22-130,3
63,2016-01-22-82,1
63,2016-01-22-94,1
46,2016-01-22-46,33
46,2016-01-22-58,62
46,2016-01-22-70,28
46,2016-01-22-82,20
46,2016-01-22-94,4
46,2016-01-22-106,28
46,2016-01-22-118,5
46,2016-01-22-130,5
46,2016-01-22-142,3
56,2016-01-22-46,1
56,2016-01-22-58,2
56,2016-01-22-70,2
56,2016-01-22-82,0
56,2016-01-22-94,0
56,2016-01-22-106,0
56,2016-01-22-118,0
56,2016-01-22-130,5
56,2016-01-22-142,0
6,2016-01-22-46,1
6,2016-01-22-58,17
6,2016-01-22-70,6
6,2016-01-22-82,37
6,2016-01-22-94,2
6,2016-01-22-106,8
6,2016-01-22-118,0
6,2016-01-22-130,1
6,2016-01-22-142,1
66,2016-01-22-46,0
66,2016-01-22-58,0
66,2016-01-22-70,0
66,2016-01-22-82,0
66,2016-01-22-94,0
66,2016-01-22-106,0
66,2016-01-22-118,0
66,2016-01-22-130,1
66,2016-01-22-142,0
31,2016-01-22-46,2
31,2016-01-22-58,3
31,2016-01-22-70,0
31,2016-01-22-82,0
31,2016-01-22-94,0
31,2016-01-22-106,1
31,2016-01-22-118,1
31,2016-01-22-130,1
31,2016-01-22-142,2
18,2016-01-22-46,0
18,2016-01-22-58,0
18,2016-01-22-70,1
18,2016-01-22-82,1
18,2016-01-22-94,0
18,2016-01-22-106,4
18,2016-01-22-118,1
18,2016-01-22-130,0
18,2016-01-22-142,0
28,2016-01-22-46,6
28,2016-01-22-58,12
28,2016-01-22-70,5
28,2016-01-22-82,6
28,2016-01-22-94,2
28,2016-01-22-106,25
28,2016-01-22-118,6
28,2016-01-22-130,84
28,2016-01-22-142,5
14,2016-01-22-46,39
14,2016-01-22-58,4
14,2016-01-22-70,6
14,2016-01-22-82,11
14,2016-01-22-94,3
14,2016-01-22-106,92
14,2016-01-22-118,13
14,2016-01-22-130,8
14,2016-01-22-142,4
16,2016-01-22-46,0
16,2016-01-22-58,10
16,2016-01-22-70,0
16,2016-01-22-82,1
16,2016-01-22-94,0
16,2016-01-22-106,1
16,2016-01-22-118,0
16,2016-01-22-130,1
16,2016-01-22-142,0
21,2016-01-22-46,5
21,2016-01-22-58,1
21,2016-01-22-70,14
21,2016-01-22-82,2
21,2016-01-22-94,5
21,2016-01-22-106,8
21,2016-01-22-118,3
21,2016-01-22-130,0
21,2016-01-22-142,0
24,2016-01-22-46,27
24,2016-01-22-58,36
24,2016-01-22-70,43
24,2016-01-22-82,12
24,2016-01-22-94,2
24,2016-01-22-106,16
24,2016-01-22-118,4
24,2016-01-22-130,2
24,2016-01-22-142,1
25,2016-01-22-46,0
25,2016-01-22-58,14
25,2016-01-22-70,0
25,2016-01-22-82,2
25,2016-01-22-94,0
25,2016-01-22-106,0
25,2016-01-22-118,3
25,2016-01-22-130,1
25,2016-01-22-142,1
47,2016-01-22-46,0
47,2016-01-22-58,0
47,2016-01-22-70,0
47,2016-01-22-82,0
47,2016-01-22-94,2
47,2016-01-22-106,0
47,2016-01-22-118,1
47,2016-01-22-130,1
47,2016-01-22-142,0
55,2016-01-22-46,0
55,2016-01-22-82,0
55,2016-01-22-106,0
55,2016-01-22-118,0
55,2016-01-22-130,0
55,2016-01-22-142,0
35,2016-01-22-46,0
35,2016-01-22-58,2
35,2016-01-22-70,0
35,2016-01-22-82,0
35,2016-01-22-94,0
35,2016-01-22-106,0
35,2016-01-22-118,2
35,2016-01-22-130,1
35,2016-01-22-142,0
23,2016-01-22-46,153
23,2016-01-22-58,70
23,2016-01-22-70,73
23,2016-01-22-82,117
23,2016-01-22-94,12
23,2016-01-22-106,276
23,2016-01-22-118,15
23,2016-01-22-130,63
23,2016-01-22-142,10
60,2016-01-22-46,0
60,2016-01-22-58,0
60,2016-01-22-70,1
60,2016-01-22-94,1
60,2016-01-22-106,0
60,2016-01-22-130,0
60,2016-01-22-142,0
13,2016-01-22-46,0
13,2016-01-22-58,0
13,2016-01-22-70,7
13,2016-01-22-82,0
13,2016-01-22-94,0
13,2016-01-22-106,0
13,2016-01-22-118,1
13,2016-01-22-130,0
13,2016-01-22-142,1
5,2016-01-22-46,0
5,2016-01-22-58,3
5,2016-01-22-70,3
5,2016-01-22-82,1
5,2016-01-22-94,0
5,2016-01-22-106,3
5,2016-01-22-118,0
5,2016-01-22-130,0
5,2016-01-22-142,0
10,2016-01-22-46,0
10,2016-01-22-58,0
10,2016-01-22-70,0
10,2016-01-22-82,0
10,2016-01-22-106,0
10,2016-01-22-118,2
10,2016-01-22-130,0
38,2016-01-22-46,5
38,2016-01-22-58,7
38,2016-01-22-70,3
38,2016-01-22-82,1
38,2016-01-22-94,0
38,2016-01-22-106,5
38,2016-01-22-118,2
38,2016-01-22-130,1
38,2016-01-22-142,0
29,2016-01-22-46,1
29,2016-01-22-58,1
29,2016-01-22-70,3
29,2016-01-22-82,1
29,2016-01-22-94,1
29,2016-01-22-106,11
29,2016-01-22-118,1
29,2016-01-22-130,1
29,2016-01-22-142,2
33,2016-01-22-46,1
33,2016-01-22-58,1
33,2016-01-22-70,3
33,2016-01-22-82,1
33,2016-01-22-94,0
33,2016-01-22-106,0
33,2016-01-22-118,0
33,2016-01-22-130,2
33,2016-01-22-142,2
26,2016-01-22-46,7
26,2016-01-22-58,12
26,2016-01-22-70,1
26,2016-01-22-82,2
26,2016-01-22-94,6
26,2016-01-22-106,18
26,2016-01-22-118,68
26,2016-01-22-130,1
26,2016-01-22-142,3
3,2016-01-22-46,0
3,2016-01-22-70,2
3,2016-01-22-82,1
3,2016-01-22-94,0
3,2016-01-22-106,0
3,2016-01-22-118,1
3,2016-01-22-130,2
48,2016-01-22-46,8
48,2016-01-22-58,4
48,2016-01-22-70,1
48,2016-01-22-82,5
48,2016-01-22-94,14
48,2016-01-22-106,297
48,2016-01-22-118,23
48,2016-01-22-130,113
48,2016-01-22-142,2
39,2016-01-22-58,0
39,2016-01-22-70,1
39,2016-01-22-82,0
39,2016-01-22-94,0
39,2016-01-22-106,0
39,2016-01-22-118,2
39,2016-01-22-130,0
39,2016-01-22-142,3
40,2016-01-22-46,2
40,2016-01-22-58,14
40,2016-01-22-70,5
40,2016-01-22-82,1
40,2016-01-22-94,0
40,2016-01-22-106,3
40,2016-01-22-118,0
40,2016-01-22-130,1
40,2016-01-22-142,0
12,2016-01-22-46,1
12,2016-01-22-58,1
12,2016-01-22-70,11
12,2016-01-22-82,1
12,2016-01-22-94,0
12,2016-01-22-106,9
12,2016-01-22-118,2
12,2016-01-22-130,5
12,2016-01-22-142,8
49,2016-01-22-46,0
49,2016-01-22-58,2
49,2016-01-22-70,1
49,2016-01-22-82,2
49,2016-01-22-94,0
49,2016-01-22-106,0
49,2016-01-22-118,2
49,2016-01-22-130,1
52,2016-01-22-46,0
52,2016-01-22-58,0
52,2016-01-22-106,0
52,2016-01-22-118,0
65,2016-01-22-46,2
65,2016-01-22-58,1
65,2016-01-22-70,0
65,2016-01-22-82,0
65,2016-01-22-94,0
65,2016-01-22-106,0
65,2016-01-22-118,2
65,2016-01-22-130,0
65,2016-01-22-142,0
30,2016-01-22-46,0
30,2016-01-22-58,1
30,2016-01-22-70,1
30,2016-01-22-82,1
30,2016-01-22-94,1
30,2016-01-22-106,0
30,2016-01-22-118,0
30,2016-01-22-130,1
8,2016-01-22-46,326
8,2016-01-22-58,43
8,2016-01-22-70,65
8,2016-01-22-82,147
8,2016-01-22-94,16
8,2016-01-22-106,451
8,2016-01-22-118,33
8,2016-01-22-130,227
8,2016-01-22-142,6
44,2016-01-22-46,1
44,2016-01-22-58,0
44,2016-01-22-70,0
44,2016-01-22-82,0
44,2016-01-22-94,0
44,2016-01-22-106,0
44,2016-01-22-118,0
22,2016-01-22-46,4
22,2016-01-22-58,9
22,2016-01-22-70,23
22,2016-01-22-82,12
22,2016-01-22-94,11
22,2016-01-22-106,13
22,2016-01-22-118,27
22,2016-01-22-130,10
22,2016-01-22-142,9
34,2016-01-22-46,1
34,2016-01-22-58,4
34,2016-01-22-70,1
34,2016-01-22-82,4
34,2016-01-22-94,2
34,2016-01-22-106,0
34,2016-01-22-118,0
34,2016-01-22-130,0
34,2016-01-22-142,0
1,2016-01-22-46,3
1,2016-01-22-58,2
1,2016-01-22-70,7
1,2016-01-22-82,5
1,2016-01-22-94,6
1,2016-01-22-106,12
1,2016-01-22-118,1
1,2016-01-22-130,4
1,2016-01-22-142,2
20,2016-01-22-46,1
20,2016-01-22-58,2
20,2016-01-22-70,9
20,2016-01-22-82,0
20,2016-01-22-94,1
20,2016-01-22-106,16
20,2016-01-22-118,6
20,2016-01-22-130,4
20,2016-01-22-142,1
7,2016-01-22-46,42
7,2016-01-22-58,8
7,2016-01-22-70,18
7,2016-01-22-82,45
7,2016-01-22-94,22
7,2016-01-22-106,262
7,2016-01-22-118,39
7,2016-01-22-130,128
7,2016-01-22-142,4
19,2016-01-22-46,2
19,2016-01-22-58,0
19,2016-01-22-70,4
19,2016-01-22-82,1
19,2016-01-22-94,1
19,2016-01-22-106,5
19,2016-01-22-118,3
19,2016-01-22-130,1
19,2016-01-22-142,3
62,2016-01-22-58,0
62,2016-01-22-70,1
62,2016-01-22-94,0
17,2016-01-22-46,0
17,2016-01-22-58,0
17,2016-01-22-70,0
17,2016-01-22-82,1
17,2016-01-22-94,1
17,2016-01-22-106,1
17,2016-01-22-118,1
17,2016-01-22-130,4
17,2016-01-22-142,0
37,2016-01-22-46,66
37,2016-01-22-58,122
37,2016-01-22-70,32
37,2016-01-22-82,85
37,2016-01-22-94,5
37,2016-01-22-106,216
37,2016-01-22-118,20
37,2016-01-22-130,20
37,2016-01-22-142,4
4,2016-01-22-46,5
4,2016-01-22-58,34
4,2016-01-22-70,4
4,2016-01-22-82,11
4,2016-01-22-94,4
4,2016-01-22-106,8
4,2016-01-22-118,7
4,2016-01-22-130,7
4,2016-01-22-142,0
9,2016-01-22-46,0
9,2016-01-22-58,3
9,2016-01-22-70,5
9,2016-01-22-82,12
9,2016-01-22-94,2
9,2016-01-22-106,9
9,2016-01-22-118,2
9,2016-01-22-130,1
9,2016-01-22-142,0
57,2016-01-22-46,0
57,2016-01-22-58,0
57,2016-01-22-70,1
57,2016-01-22-82,0
57,2016-01-22-94,2
57,2016-01-22-106,0
57,2016-01-22-118,1
57,2016-01-22-130,0
57,2016-01-22-142,0
64,2016-01-22-46,0
64,2016-01-22-58,0
64,2016-01-22-70,0
64,2016-01-22-82,0
64,2016-01-22-94,0
64,2016-01-22-106,0
64,2016-01-22-118,0
64,2016-01-22-130,0
64,2016-01-22-142,0
54,2016-01-22-46,0
54,2016-01-22-58,0
54,2016-01-22-70,0
54,2016-01-22-82,0
54,2016-01-22-94,0
54,2016-01-22-106,0
54,2016-01-22-118,0
54,2016-01-22-130,1
54,2016-01-22-142,0
45,2016-01-22-46,0
45,2016-01-22-58,0
45,2016-01-22-82,2
45,2016-01-22-94,0
45,2016-01-22-106,2
45,2016-01-22-118,0
45,2016-01-22-130,0
45,2016-01-22-142,0
42,2016-01-22-46,4
42,2016-01-22-58,4
42,2016-01-22-70,10
42,2016-01-22-82,0
42,2016-01-22-94,2
42,2016-01-22-106,4
42,2016-01-22-118,3
42,2016-01-22-130,1
42,2016-01-22-142,3
58,2016-01-22-46,0
58,2016-01-22-58,0
58,2016-01-22-70,0
58,2016-01-22-82,0
58,2016-01-22-94,0
58,2016-01-22-106,0
58,2016-01-22-118,0
58,2016-01-22-130,0
58,2016-01-22-142,0
36,2016-01-22-46,0
36,2016-01-22-58,0
36,2016-01-22-70,2
36,2016-01-22-82,0
36,2016-01-22-94,0
36,2016-01-22-106,3
36,2016-01-22-118,0
36,2016-01-22-130,0
36,2016-01-22-142,0
51,2016-01-22-46,25
51,2016-01-22-58,11
51,2016-01-22-70,32
51,2016-01-22-82,40
51,2016-01-22-94,109
51,2016-01-22-106,742
51,2016-01-22-118,97
51,2016-01-22-130,488
51,2016-01-22-142,46
59,2016-01-22-46,1
59,2016-01-22-58,0
59,2016-01-22-70,1
59,2016-01-22-82,0
59,2016-01-22-94,0
59,2016-01-22-106,0
59,2016-01-22-118,0
59,2016-01-22-130,0
59,2016-01-22-142,1
15,2016-01-22-142,0
11,2016-01-22-46,0
11,2016-01-22-58,3
11,2016-01-22-70,10
11,2016-01-22-82,1
11,2016-01-22-94,0
11,2016-01-22-106,1
11,2016-01-22-118,0
11,2016-01-22-130,1
11,2016-01-22-142,0
61,2016-01-22-46,0
61,2016-01-22-58,0
61,2016-01-22-70,1
61,2016-01-22-82,2
61,2016-01-22-94,0
61,2016-01-22-106,0
61,2016-01-22-118,2
61,2016-01-22-130,0
61,2016-01-22-142,0
2,2016-01-22-46,1
2,2016-01-22-58,0
2,2016-01-22-70,0
2,2016-01-22-82,0
2,2016-01-22-94,2
2,2016-01-22-106,2
2,2016-01-22-118,1
2,2016-01-22-130,0
2,2016-01-22-142,0
53,2016-01-22-46,1
53,2016-01-22-58,13
53,2016-01-22-70,1
53,2016-01-22-82,0
53,2016-01-22-94,0
53,2016-01-22-106,2
53,2016-01-22-118,5
53,2016-01-22-130,0
53,2016-01-22-142,0
41,2016-01-22-46,1
41,2016-01-22-58,2
41,2016-01-22-70,2
41,2016-01-22-82,0
41,2016-01-22-94,4
41,2016-01-22-106,0
41,2016-01-22-118,1
41,2016-01-22-130,0
41,2016-01-22-142,2
27,2016-01-22-46,17
27,2016-01-22-58,6
27,2016-01-22-70,10
27,2016-01-22-82,10
27,2016-01-22-94,16
27,2016-01-22-106,5
27,2016-01-22-118,4
27,2016-01-22-130,3
27,2016-01-22-142,1
32,2016-01-22-46,1
32,2016-01-22-82,0
32,2016-01-22-94,2
32,2016-01-22-106,0
32,2016-01-22-118,0
32,2016-01-22-142,1
50,2016-01-24-58,0
50,2016-01-24-70,1
50,2016-01-24-82,1
50,2016-01-24-94,0
50,2016-01-24-106,0
50,2016-01-24-118,0
50,2016-01-24-130,0
43,2016-01-24-46,0
43,2016-01-24-58,4
43,2016-01-24-70,1
43,2016-01-24-82,4
43,2016-01-24-94,0
43,2016-01-24-106,0
43,2016-01-24-118,0
43,2016-01-24-130,1
63,2016-01-24-106,1
63,2016-01-24-118,1
46,2016-01-24-46,15
46,2016-01-24-58,65
46,2016-01-24-70,109
46,2016-01-24-82,75
46,2016-01-24-94,6
46,2016-01-24-106,1
46,2016-01-24-118,4
46,2016-01-24-130,4
46,2016-01-24-142,1
56,2016-01-24-46,1
56,2016-01-24-58,3
56,2016-01-24-70,0
56,2016-01-24-82,2
56,2016-01-24-94,5
56,2016-01-24-106,0
56,2016-01-24-118,0
56,2016-01-24-130,1
56,2016-01-24-142,0
6,2016-01-24-46,1
6,2016-01-24-58,7
6,2016-01-24-70,6
6,2016-01-24-82,7
6,2016-01-24-94,0
6,2016-01-24-106,0
6,2016-01-24-118,0
6,2016-01-24-130,2
6,2016-01-24-142,0
66,2016-01-24-46,1
66,2016-01-24-58,0
66,2016-01-24-70,0
66,2016-01-24-82,0
66,2016-01-24-94,1
66,2016-01-24-106,0
66,2016-01-24-118,1
66,2016-01-24-130,1
66,2016-01-24-142,0
31,2016-01-24-46,1
31,2016-01-24-58,4
31,2016-01-24-70,1
31,2016-01-24-82,0
31,2016-01-24-94,4
31,2016-01-24-106,2
31,2016-01-24-118,4
31,2016-01-24-130,2
31,2016-01-24-142,0
18,2016-01-24-46,3
18,2016-01-24-58,1
18,2016-01-24-70,3
18,2016-01-24-82,3
18,2016-01-24-94,1
18,2016-01-24-106,0
18,2016-01-24-118,0
18,2016-01-24-130,2
18,2016-01-24-142,0
28,2016-01-24-46,14
28,2016-01-24-58,2
28,2016-01-24-70,29
28,2016-01-24-82,13
28,2016-01-24-94,8
28,2016-01-24-106,4
28,2016-01-24-118,7
28,2016-01-24-130,15
28,2016-01-24-142,2
14,2016-01-24-46,21
14,2016-01-24-58,2
14,2016-01-24-70,26
14,2016-01-24-82,23
14,2016-01-24-94,33
14,2016-01-24-106,3
14,2016-01-24-118,3
14,2016-01-24-130,1
14,2016-01-24-142,1
16,2016-01-24-46,2
16,2016-01-24-58,1
16,2016-01-24-70,0
16,2016-01-24-82,0
16,2016-01-24-94,0
16,2016-01-24-106,0
16,2016-01-24-118,0
16,2016-01-24-130,0
16,2016-01-24-142,0
21,2016-01-24-46,1
21,2016-01-24-58,2
21,2016-01-24-70,2
21,2016-01-24-82,3
21,2016-01-24-94,2
21,2016-01-24-106,3
21,2016-01-24-118,3
21,2016-01-24-130,1
21,2016-01-24-142,0
24,2016-01-24-46,4
24,2016-01-24-58,44
24,2016-01-24-70,28
24,2016-01-24-82,39
24,2016-01-24-94,7
24,2016-01-24-106,3
24,2016-01-24-118,2
24,2016-01-24-130,2
24,2016-01-24-142,1
25,2016-01-24-46,0
25,2016-01-24-58,0
25,2016-01-24-70,0
25,2016-01-24-82,1
25,2016-01-24-94,2
25,2016-01-24-106,0
25,2016-01-24-118,0
25,2016-01-24-130,1
25,2016-01-24-142,2
47,2016-01-24-46,0
47,2016-01-24-58,1
47,2016-01-24-70,8
47,2016-01-24-82,5
47,2016-01-24-94,0
47,2016-01-24-106,0
47,2016-01-24-118,1
47,2016-01-24-130,0
47,2016-01-24-142,5
55,2016-01-24-46,0
55,2016-01-24-70,1
55,2016-01-24-82,0
55,2016-01-24-94,0
55,2016-01-24-106,0
55,2016-01-24-118,2
55,2016-01-24-130,0
55,2016-01-24-142,0
35,2016-01-24-46,3
35,2016-01-24-58,0
35,2016-01-24-70,0
35,2016-01-24-82,0
35,2016-01-24-94,1
35,2016-01-24-106,0
35,2016-01-24-118,1
35,2016-01-24-130,0
35,2016-01-24-142,0
23,2016-01-24-46,44
23,2016-01-24-58,26
23,2016-01-24-70,67
23,2016-01-24-82,104
23,2016-01-24-94,33
23,2016-01-24-106,9
23,2016-01-24-118,13
23,2016-01-24-130,34
23,2016-01-24-142,10
60,2016-01-24-46,2
60,2016-01-24-58,0
60,2016-01-24-70,1
60,2016-01-24-82,2
60,2016-01-24-106,0
60,2016-01-24-118,0
13,2016-01-24-46,0
13,2016-01-24-58,0
13,2016-01-24-70,6
13,2016-01-24-82,0
13,2016-01-24-94,0
13,2016-01-24-106,0
13,2016-01-24-118,0
13,2016-01-24-130,1
13,2016-01-24-142,0
5,2016-01-24-46,0
5,2016-01-24-58,3
5,2016-01-24-70,4
5,2016-01-24-82,4
5,2016-01-24-94,0
5,2016-01-24-106,0
5,2016-01-24-118,0
5,2016-01-24-130,0
10,2016-01-24-46,0
10,2016-01-24-58,3
10,2016-01-24-70,1
10,2016-01-24-82,2
10,2016-01-24-94,3
10,2016-01-24-106,3
10,2016-01-24-118,2
10,2016-01-24-130,1
38,2016-01-24-46,3
38,2016-01-24-58,9
38,2016-01-24-70,9
38,2016-01-24-82,6
38,2016-01-24-94,1
38,2016-01-24-106,0
38,2016-01-24-118,0
38,2016-01-24-130,2
38,2016-01-24-142,7
29,2016-01-24-46,3
29,2016-01-24-58,4
29,2016-01-24-70,2
29,2016-01-24-82,2
29,2016-01-24-94,2
29,2016-01-24-106,2
29,2016-01-24-118,3
29,2016-01-24-130,3
29,2016-01-24-142,3
33,2016-01-24-46,0
33,2016-01-24-58,0
33,2016-01-24-70,1
33,2016-01-24-82,0
33,2016-01-24-94,1
33,2016-01-24-106,0
33,2016-01-24-118,0
33,2016-01-24-130,0
33,2016-01-24-142,0
26,2016-01-24-46,12
26,2016-01-24-58,4
26,2016-01-24-70,38
26,2016-01-24-82,13
26,2016-01-24-94,9
26,2016-01-24-106,0
26,2016-01-24-118,4
26,2016-01-24-130,2
26,2016-01-24-142,6
3,2016-01-24-46,3
3,2016-01-24-58,0
3,2016-01-24-70,1
3,2016-01-24-82,1
3,2016-01-24-94,1
3,2016-01-24-106,0
3,2016-01-24-118,0
3,2016-01-24-130,1
48,2016-01-24-46,10
48,2016-01-24-58,2
48,2016-01-24-70,11
48,2016-01-24-82,16
48,2016-01-24-94,186
48,2016-01-24-106,7
48,2016-01-24-118,6
48,2016-01-24-130,39
48,2016-01-24-142,17
39,2016-01-24-46,0
39,2016-01-24-58,1
39,2016-01-24-70,0
39,2016-01-24-82,1
39,2016-01-24-94,1
39,2016-01-24-106,3
39,2016-01-24-118,22
39,2016-01-24-130,6
39,2016-01-24-142,1
40,2016-01-24-46,2
40,2016-01-24-58,3
40,2016-01-24-70,0
40,2016-01-24-82,3
40,2016-01-24-94,2
40,2016-01-24-106,0
40,2016-01-24-118,1
40,2016-01-24-130,0
40,2016-01-24-142,2
12,2016-01-24-46,6
12,2016-01-24-58,3
12,2016-01-24-70,25
12,2016-01-24-82,10
12,2016-01-24-94,1
12,2016-01-24-106,5
12,2016-01-24-118,2
12,2016-01-24-130,4
12,2016-01-24-142,2
49,2016-01-24-46,1
49,2016-01-24-58,1
49,2016-01-24-70,0
49,2016-01-24-82,2
49,2016-01-24-94,0
49,2016-01-24-106,1
49,2016-01-24-118,0
49,2016-01-24-130,0
49,2016-01-24-142,1
52,2016-01-24-58,0
52,2016-01-24-70,1
52,2016-01-24-82,0
52,2016-01-24-94,0
52,2016-01-24-106,0
65,2016-01-24-46,1
65,2016-01-24-58,0
65,2016-01-24-70,0
65,2016-01-24-82,0
65,2016-01-24-94,0
65,2016-01-24-106,1
65,2016-01-24-118,2
65,2016-01-24-130,0
30,2016-01-24-58,2
30,2016-01-24-70,0
30,2016-01-24-94,1
30,2016-01-24-106,0
30,2016-01-24-118,0
8,2016-01-24-46,49
8,2016-01-24-58,22
8,2016-01-24-70,132
8,2016-01-24-82,186
8,2016-01-24-94,63
8,2016-01-24-106,3
8,2016-01-24-118,15
8,2016-01-24-130,22
8,2016-01-24-142,6
44,2016-01-24-46,4
44,2016-01-24-58,1
44,2016-01-24-70,1
44,2016-01-24-82,1
44,2016-01-24-106,0
44,2016-01-24-118,0
44,2016-01-24-130,0
22,2016-01-24-46,4
22,2016-01-24-58,10
22,2016-01-24-70,20
22,2016-01-24-82,10
22,2016-01-24-94,4
22,2016-01-24-106,25
22,2016-01-24-118,27
22,2016-01-24-130,36
22,2016-01-24-142,6
34,2016-01-24-46,1
34,2016-01-24-58,5
34,2016-01-24-70,1
34,2016-01-24-82,0
34,2016-01-24-94,2
34,2016-01-24-106,0
34,2016-01-24-118,1
34,2016-01-24-130,0
34,2016-01-24-142,2
1,2016-01-24-46,3
1,2016-01-24-58,0
1,2016-01-24-70,8
1,2016-01-24-82,4
1,2016-01-24-94,4
1,2016-01-24-106,10
1,2016-01-24-118,9
1,2016-01-24-130,7
1,2016-01-24-142,4
20,2016-01-24-46,7
20,2016-01-24-58,7
20,2016-01-24-70,29
20,2016-01-24-82,16
20,2016-01-24-94,2
20,2016-01-24-106,2
20,2016-01-24-118,3
20,2016-01-24-130,0
20,2016-01-24-142,1
7,2016-01-24-46,11
7,2016-01-24-58,1
7,2016-01-24-70,40
7,2016-01-24-82,54
7,2016-01-24-94,95
7,2016-01-24-106,2
7,2016-01-24-118,8
7,2016-01-24-130,9
7,2016-01-24-142,1
19,2016-01-24-46,5
19,2016-01-24-58,1
19,2016-01-24-70,5
19,2016-01-24-82,0
19,2016-01-24-94,1
19,2016-01-24-106,5
19,2016-01-24-118,1
19,2016-01-24-130,4
19,2016-01-24-142,2
62,2016-01-24-58,0
62,2016-01-24-70,0
62,2016-01-24-94,0
17,2016-01-24-46,0
17,2016-01-24-58,0
17,2016-01-24-70,5
17,2016-01-24-82,0
17,2016-01-24-94,0
17,2016-01-24-106,0
17,2016-01-24-118,1
17,2016-01-24-130,0
17,2016-01-24-142,0
37,2016-01-24-46,37
37,2016-01-24-58,28
37,2016-01-24-70,101
37,2016-01-24-82,136
37,2016-01-24-94,14
37,2016-01-24-106,5
37,2016-01-24-118,6
37,2016-01-24-130,3
37,2016-01-24-142,3
4,2016-01-24-46,11
4,2016-01-24-58,3
4,2016-01-24-70,14
4,2016-01-24-82,11
4,2016-01-24-94,3
4,2016-01-24-106,3
4,2016-01-24-118,2
4,2016-01-24-130,6
4,2016-01-24-142,1
9,2016-01-24-46,4
9,2016-01-24-58,5
9,2016-01-24-70,4
9,2016-01-24-82,1
9,2016-01-24-94,1
9,2016-01-24-106,1
9,2016-01-24-118,0
9,2016-01-24-130,0
9,2016-01-24-142,1
57,2016-01-24-46,1
57,2016-01-24-58,0
57,2016-01-24-70,0
57,2016-01-24-82,0
57,2016-01-24-94,0
57,2016-01-24-106,14
57,2016-01-24-118,0
57,2016-01-24-130,0
57,2016-01-24-142,1
64,2016-01-24-46,0
64,2016-01-24-58,0
64,2016-01-24-70,0
64,2016-01-24-82,0
64,2016-01-24-94,1
64,2016-01-24-106,0
64,2016-01-24-118,0
64,2016-01-24-130,0
64,2016-01-24-142,0
54,2016-01-24-46,0
54,2016-01-24-58,0
54,2016-01-24-70,0
54,2016-01-24-82,0
54,2016-01-24-94,0
54,2016-01-24-106,0
54,2016-01-24-118,0
54,2016-01-24-130,1
54,2016-01-24-142,1
45,2016-01-24-46,0
45,2016-01-24-58,0
45,2016-01-24-70,1
45,2016-01-24-82,0
45,2016-01-24-94,0
45,2016-01-24-106,2
45,2016-01-24-118,0
45,2016-01-24-142,0
42,2016-01-24-46,1
42,2016-01-24-58,4
42,2016-01-24-70,5
42,2016-01-24-82,2
42,2016-01-24-94,0
42,2016-01-24-106,0
42,2016-01-24-118,3
42,2016-01-24-130,4
42,2016-01-24-142,2
58,2016-01-24-46,0
58,2016-01-24-58,0
58,2016-01-24-70,0
58,2016-01-24-82,2
58,2016-01-24-94,0
58,2016-01-24-106,0
58,2016-01-24-118,0
58,2016-01-24-142,0
36,2016-01-24-46,0
36,2016-01-24-58,0
36,2016-01-24-70,4
36,2016-01-24-82,6
36,2016-01-24-94,3
36,2016-01-24-106,0
36,2016-01-24-118,0
36,2016-01-24-130,0
36,2016-01-24-142,0
51,2016-01-24-46,26
51,2016-01-24-58,3
51,2016-01-24-70,11
51,2016-01-24-82,17
51,2016-01-24-94,130
51,2016-01-24-106,12
51,2016-01-24-118,18
51,2016-01-24-130,379
51,2016-01-24-142,10
59,2016-01-24-46,1
59,2016-01-24-58,1
59,2016-01-24-70,0
59,2016-01-24-82,1
59,2016-01-24-94,0
59,2016-01-24-106,0
59,2016-01-24-118,0
59,2016-01-24-130,0
59,2016-01-24-142,2
15,2016-01-24-46,0
15,2016-01-24-94,0
11,2016-01-24-46,1
11,2016-01-24-58,1
11,2016-01-24-70,1
11,2016-01-24-82,2
11,2016-01-24-94,1
11,2016-01-24-106,2
11,2016-01-24-118,0
11,2016-01-24-130,0
11,2016-01-24-142,1
61,2016-01-24-46,1
61,2016-01-24-58,0
61,2016-01-24-70,1
61,2016-01-24-82,0
61,2016-01-24-94,0
61,2016-01-24-106,0
61,2016-01-24-118,0
61,2016-01-24-130,0
61,2016-01-24-142,1
2,2016-01-24-46,0
2,2016-01-24-58,0
2,2016-01-24-70,1
2,2016-01-24-82,0
2,2016-01-24-94,4
2,2016-01-24-106,0
2,2016-01-24-118,1
2,2016-01-24-130,1
2,2016-01-24-142,0
53,2016-01-24-46,1
53,2016-01-24-58,0
53,2016-01-24-70,1
53,2016-01-24-82,0
53,2016-01-24-94,0
53,2016-01-24-106,1
53,2016-01-24-118,2
53,2016-01-24-130,0
53,2016-01-24-142,2
41,2016-01-24-46,0
41,2016-01-24-58,0
41,2016-01-24-70,4
41,2016-01-24-82,0
41,2016-01-24-94,0
41,2016-01-24-106,0
41,2016-01-24-118,1
41,2016-01-24-130,0
41,2016-01-24-142,1
27,2016-01-24-46,2
27,2016-01-24-58,18
27,2016-01-24-70,18
27,2016-01-24-82,18
27,2016-01-24-94,14
27,2016-01-24-106,9
27,2016-01-24-118,5
27,2016-01-24-130,6
27,2016-01-24-142,3
32,2016-01-24-46,0
32,2016-01-24-58,1
32,2016-01-24-70,2
32,2016-01-24-82,2
32,2016-01-24-94,6
32,2016-01-24-106,0
32,2016-01-24-118,0
32,2016-01-24-130,0
32,2016-01-24-142,0
50,2016-01-26-46,0
50,2016-01-26-58,0
50,2016-01-26-82,0
50,2016-01-26-94,1
50,2016-01-26-106,0
50,2016-01-26-118,0
50,2016-01-26-130,0
50,2016-01-26-142,0
43,2016-01-26-46,0
43,2016-01-26-58,0
43,2016-01-26-70,2
43,2016-01-26-82,1
43,2016-01-26-94,2
43,2016-01-26-106,0
43,2016-01-26-118,1
43,2016-01-26-130,0
63,2016-01-26-46,3
63,2016-01-26-58,0
63,2016-01-26-106,0
63,2016-01-26-118,0
63,2016-01-26-130,1
63,2016-01-26-142,0
46,2016-01-26-46,70
46,2016-01-26-58,128
46,2016-01-26-70,41
46,2016-01-26-82,51
46,2016-01-26-94,2
46,2016-01-26-106,6
46,2016-01-26-118,3
46,2016-01-26-130,5
46,2016-01-26-142,1
56,2016-01-26-46,0
56,2016-01-26-58,1
56,2016-01-26-70,4
56,2016-01-26-82,4
56,2016-01-26-94,0
56,2016-01-26-106,0
56,2016-01-26-118,0
56,2016-01-26-130,6
56,2016-01-26-142,0
6,2016-01-26-46,25
6,2016-01-26-58,17
6,2016-01-26-70,3
6,2016-01-26-82,13
6,2016-01-26-94,0
6,2016-01-26-106,9
6,2016-01-26-118,1
6,2016-01-26-130,0
6,2016-01-26-142,0
66,2016-01-26-46,2
66,2016-01-26-58,0
66,2016-01-26-70,0
66,2016-01-26-82,0
66,2016-01-26-94,0
66,2016-01-26-106,0
66,2016-01-26-118,0
66,2016-01-26-130,0
66,2016-01-26-142,0
31,2016-01-26-46,2
31,2016-01-26-58,2
31,2016-01-26-70,1
31,2016-01-26-82,4
31,2016-01-26-94,1
31,2016-01-26-106,2
31,2016-01-26-118,7
31,2016-01-26-130,2
31,2016-01-26-142,0
18,2016-01-26-46,2
18,2016-01-26-58,1
18,2016-01-26-70,4
18,2016-01-26-82,2
18,2016-01-26-94,4
18,2016-01-26-106,3
18,2016-01-26-118,0
18,2016-01-26-130,0
18,2016-01-26-142,0
28,2016-01-26-46,10
28,2016-01-26-58,5
28,2016-01-26-70,6
28,2016-01-26-82,16
28,2016-01-26-94,7
28,2016-01-26-106,54
28,2016-01-26-118,18
28,2016-01-26-130,120
28,2016-01-26-142,2
14,2016-01-26-46,82
14,2016-01-26-58,8
14,2016-01-26-70,7
14,2016-01-26-82,17
14,2016-01-26-94,27
14,2016-01-26-106,114
14,2016-01-26-118,9
14,2016-01-26-130,7
14,2016-01-26-142,3
16,2016-01-26-46,2
16,2016-01-26-58,3
16,2016-01-26-70,1
16,2016-01-26-82,2
16,2016-01-26-94,2
16,2016-01-26-106,4
16,2016-01-26-118,0
16,2016-01-26-130,0
16,2016-01-26-142,0
21,2016-01-26-46,6
21,2016-01-26-58,2
21,2016-01-26-70,3
21,2016-01-26-82,2
21,2016-01-26-94,1
21,2016-01-26-106,6
21,2016-01-26-118,5
21,2016-01-26-130,0
21,2016-01-26-142,3
24,2016-01-26-46,46
24,2016-01-26-58,51
24,2016-01-26-70,10
24,2016-01-26-82,15
24,2016-01-26-94,7
24,2016-01-26-106,3
24,2016-01-26-118,3
24,2016-01-26-130,3
24,2016-01-26-142,1
25,2016-01-26-46,1
25,2016-01-26-58,38
25,2016-01-26-70,0
25,2016-01-26-82,1
25,2016-01-26-94,1
25,2016-01-26-106,2
25,2016-01-26-118,1
25,2016-01-26-130,1
25,2016-01-26-142,1
47,2016-01-26-46,0
47,2016-01-26-58,0
47,2016-01-26-70,6
47,2016-01-26-82,4
47,2016-01-26-94,0
47,2016-01-26-106,1
47,2016-01-26-118,1
47,2016-01-26-130,2
47,2016-01-26-142,0
55,2016-01-26-46,0
55,2016-01-26-58,0
55,2016-01-26-82,0
55,2016-01-26-94,0
55,2016-01-26-118,0
55,2016-01-26-130,0
55,2016-01-26-142,0
35,2016-01-26-46,0
35,2016-01-26-58,0
35,2016-01-26-70,0
35,2016-01-26-82,1
35,2016-01-26-94,1
35,2016-01-26-106,0
35,2016-01-26-118,1
35,2016-01-26-130,14
35,2016-01-26-142,1
23,2016-01-26-46,508
23,2016-01-26-58,270
23,2016-01-26-70,77
23,2016-01-26-82,159
23,2016-01-26-94,164
23,2016-01-26-106,334
23,2016-01-26-118,30
23,2016-01-26-130,82
23,2016-01-26-142,7
60,2016-01-26-46,0
60,2016-01-26-58,0
60,2016-01-26-70,1
60,2016-01-26-82,0
60,2016-01-26-94,1
60,2016-01-26-106,2
60,2016-01-26-130,2
13,2016-01-26-46,1
13,2016-01-26-58,1
13,2016-01-26-70,1
13,2016-01-26-82,1
13,2016-01-26-94,0
13,2016-01-26-106,0
13,2016-01-26-118,1
13,2016-01-26-130,0
13,2016-01-26-142,0
5,2016-01-26-46,0
5,2016-01-26-58,1
5,2016-01-26-70,0
5,2016-01-26-82,0
5,2016-01-26-94,0
5,2016-01-26-106,0
5,2016-01-26-118,0
5,2016-01-26-130,0
5,2016-01-26-142,2
10,2016-01-26-46,0
10,2016-01-26-58,4
10,2016-01-26-70,1
10,2016-01-26-82,5
10,2016-01-26-94,3
10,2016-01-26-106,0
10,2016-01-26-118,1
10,2016-01-26-130,0
38,2016-01-26-46,0
38,2016-01-26-58,7
38,2016-01-26-70,11
38,2016-01-26-82,0
38,2016-01-26-94,1
38,2016-01-26-106,0
38,2016-01-26-118,1
38,2016-01-26-130,0
38,2016-01-26-142,0
29,2016-01-26-46,5
29,2016-01-26-58,1
29,2016-01-26-70,6
29,2016-01-26-82,5
29,2016-01-26-94,1
29,2016-01-26-106,2
29,2016-01-26-118,2
29,2016-01-26-130,3
29,2016-01-26-142,0
33,2016-01-26-46,0
33,2016-01-26-58,1
33,2016-01-26-70,1
33,2016-01-26-82,2
33,2016-01-26-94,0
33,2016-01-26-106,1
33,2016-01-26-118,1
33,2016-01-26-130,1
33,2016-01-26-142,0
26,2016-01-26-46,17
26,2016-01-26-58,60
26,2016-01-26-70,0
26,2016-01-26-82,2
26,2016-01-26-94,2
26,2016-01-26-106,5
26,2016-01-26-118,17
26,2016-01-26-130,10
26,2016-01-26-142,2
3,2016-01-26-46,0
3,2016-01-26-58,0
3,2016-01-26-70,0
3,2016-01-26-82,2
3,2016-01-26-106,3
3,2016-01-26-130,0
3,2016-01-26-142,1
48,2016-01-26-46,34
48,2016-01-26-58,9
48,2016-01-26-70,8
48,2016-01-26-82,140
48,2016-01-26-94,226
48,2016-01-26-106,420
48,2016-01-26-118,111
48,2016-01-26-130,158
48,2016-01-26-142,5
39,2016-01-26-46,2
39,2016-01-26-58,2
39,2016-01-26-70,1
39,2016-01-26-82,1
39,2016-01-26-94,0
39,2016-01-26-106,2
39,2016-01-26-118,3
39,2016-01-26-130,2
39,2016-01-26-142,7
40,2016-01-26-46,0
40,2016-01-26-58,3
40,2016-01-26-70,1
40,2016-01-26-82,1
40,2016-01-26-94,1
40,2016-01-26-106,1
40,2016-01-26-118,0
40,2016-01-26-130,1
40,2016-01-26-142,1
12,2016-01-26-46,2
12,2016-01-26-58,2
12,2016-01-26-70,1
12,2016-01-26-82,6
12,2016-01-26-94,2
12,2016-01-26-106,2
12,2016-01-26-118,5
12,2016-01-26-130,5
12,2016-01-26-142,5
49,2016-01-26-46,1
49,2016-01-26-58,6
49,2016-01-26-70,2
49,2016-01-26-82,0
49,2016-01-26-94,0
49,2016-01-26-106,0
49,2016-01-26-118,1
49,2016-01-26-130,0
49,2016-01-26-142,1
52,2016-01-26-46,0
52,2016-01-26-58,1
52,2016-01-26-70,2
52,2016-01-26-82,0
52,2016-01-26-130,0
52,2016-01-26-142,0
65,2016-01-26-46,0
65,2016-01-26-58,3
65,2016-01-26-70,4
65,2016-01-26-82,0
65,2016-01-26-94,0
65,2016-01-26-106,2
65,2016-01-26-118,1
65,2016-01-26-130,0
30,2016-01-26-46,0
30,2016-01-26-58,0
30,2016-01-26-70,0
30,2016-01-26-82,0
30,2016-01-26-94,0
30,2016-01-26-106,1
30,2016-01-26-118,0
30,2016-01-26-130,1
8,2016-01-26-46,425
8,2016-01-26-58,247
8,2016-01-26-70,62
8,2016-01-26-82,146
8,2016-01-26-94,140
8,2016-01-26-106,440
8,2016-01-26-118,21
8,2016-01-26-130,182
8,2016-01-26-142,2
44,2016-01-26-46,1
44,2016-01-26-70,0
44,2016-01-26-82,0
44,2016-01-26-106,0
44,2016-01-26-118,0
44,2016-01-26-130,0
44,2016-01-26-142,2
22,2016-01-26-46,5
22,2016-01-26-58,2
22,2016-01-26-70,22
22,2016-01-26-82,20
22,2016-01-26-94,15
22,2016-01-26-106,30
22,2016-01-26-118,13
22,2016-01-26-130,10
22,2016-01-26-142,9
34,2016-01-26-46,3
34,2016-01-26-58,0
34,2016-01-26-70,1
34,2016-01-26-82,4
34,2016-01-26-94,1
34,2016-01-26-106,1
34,2016-01-26-118,0
34,2016-01-26-130,2
34,2016-01-26-142,0
1,2016-01-26-46,6
1,2016-01-26-58,6
1,2016-01-26-70,6
1,2016-01-26-82,3
1,2016-01-26-94,2
1,2016-01-26-106,1
1,2016-01-26-118,6
1,2016-01-26-130,0
1,2016-01-26-142,1
20,2016-01-26-46,5
20,2016-01-26-58,3
20,2016-01-26-70,8
20,2016-01-26-82,6
20,2016-01-26-94,5
20,2016-01-26-106,9
20,2016-01-26-118,2
20,2016-01-26-130,20
20,2016-01-26-142,0
7,2016-01-26-46,118
7,2016-01-26-58,16
7,2016-01-26-70,13
7,2016-01-26-82,60
7,2016-01-26-94,99
7,2016-01-26-106,406
7,2016-01-26-118,39
7,2016-01-26-130,180
7,2016-01-26-142,7
19,2016-01-26-46,0
19,2016-01-26-58,1
19,2016-01-26-70,2
19,2016-01-26-82,3
19,2016-01-26-94,0
19,2016-01-26-106,0
19,2016-01-26-118,2
19,2016-01-26-130,4
19,2016-01-26-142,3
62,2016-01-26-46,0
62,2016-01-26-106,2
62,2016-01-26-130,3
62,2016-01-26-142,0
17,2016-01-26-46,0
17,2016-01-26-58,0
17,2016-01-26-70,4
17,2016-01-26-82,1
17,2016-01-26-94,0
17,2016-01-26-106,0
17,2016-01-26-118,0
17,2016-01-26-130,1
17,2016-01-26-142,0
37,2016-01-26-46,172
37,2016-01-26-58,252
37,2016-01-26-70,29
37,2016-01-26-82,70
37,2016-01-26-94,47
37,2016-01-26-106,81
37,2016-01-26-118,9
37,2016-01-26-130,7
37,2016-01-26-142,0
4,2016-01-26-46,5
4,2016-01-26-58,83
4,2016-01-26-70,3
4,2016-01-26-82,18
4,2016-01-26-94,1
4,2016-01-26-106,2
4,2016-01-26-118,4
4,2016-01-26-130,10
4,2016-01-26-142,0
9,2016-01-26-46,0
9,2016-01-26-58,13
9,2016-01-26-70,3
9,2016-01-26-82,1
9,2016-01-26-94,1
9,2016-01-26-106,2
9,2016-01-26-118,3
9,2016-01-26-130,2
9,2016-01-26-142,0
57,2016-01-26-46,1
57,2016-01-26-58,0
57,2016-01-26-70,0
57,2016-01-26-82,1
57,2016-01-26-94,0
57,2016-01-26-106,0
57,2016-01-26-118,1
57,2016-01-26-130,10
57,2016-01-26-142,0
64,2016-01-26-46,0
64,2016-01-26-58,0
64,2016-01-26-70,0
64,2016-01-26-82,0
64,2016-01-26-94,0
64,2016-01-26-106,0
64,2016-01-26-118,0
64,2016-01-26-130,0
64,2016-01-26-142,0
54,2016-01-26-46,0
54,2016-01-26-58,1
54,2016-01-26-70,1
54,2016-01-26-82,2
54,2016-01-26-94,4
54,2016-01-26-106,0
54,2016-01-26-118,4
54,2016-01-26-130,2
54,2016-01-26-142,1
45,2016-01-26-46,0
45,2016-01-26-58,0
45,2016-01-26-70,1
45,2016-01-26-82,2
45,2016-01-26-94,0
45,2016-01-26-106,2
45,2016-01-26-118,1
45,2016-01-26-130,0
45,2016-01-26-142,0
42,2016-01-26-46,2
42,2016-01-26-58,7
42,2016-01-26-70,5
42,2016-01-26-82,6
42,2016-01-26-94,2
42,2016-01-26-106,2
42,2016-01-26-118,4
42,2016-01-26-130,5
42,2016-01-26-142,1
58,2016-01-26-46,2
58,2016-01-26-58,3
58,2016-01-26-70,1
58,2016-01-26-82,3
58,2016-01-26-94,0
58,2016-01-26-106,0
58,2016-01-26-118,0
58,2016-01-26-130,0
58,2016-01-26-142,0
36,2016-01-26-46,1
36,2016-01-26-58,0
36,2016-01-26-70,1
36,2016-01-26-82,1
36,2016-01-26-94,0
36,2016-01-26-106,0
36,2016-01-26-118,0
36,2016-01-26-130,0
36,2016-01-26-142,0
51,2016-01-26-46,41
51,2016-01-26-58,9
51,2016-01-26-70,15
51,2016-01-26-82,170
51,2016-01-26-94,345
51,2016-01-26-106,1013
51,2016-01-26-118,165
51,2016-01-26-130,734
51,2016-01-26-142,15
59,2016-01-26-46,3
59,2016-01-26-58,0
59,2016-01-26-82,0
59,2016-01-26-94,0
59,2016-01-26-106,0
59,2016-01-26-118,0
59,2016-01-26-130,0
59,2016-01-26-142,0
15,2016-01-26-82,1
15,2016-01-26-94,1
11,2016-01-26-46,0
11,2016-01-26-58,5
11,2016-01-26-70,1
11,2016-01-26-82,1
11,2016-01-26-94,0
11,2016-01-26-106,0
11,2016-01-26-118,0
11,2016-01-26-130,0
11,2016-01-26-142,0
61,2016-01-26-46,1
61,2016-01-26-58,0
61,2016-01-26-70,0
61,2016-01-26-82,0
61,2016-01-26-94,1
61,2016-01-26-106,0
61,2016-01-26-118,0
61,2016-01-26-130,0
2,2016-01-26-46,0
2,2016-01-26-58,0
2,2016-01-26-70,0
2,2016-01-26-82,0
2,2016-01-26-94,0
2,2016-01-26-106,1
2,2016-01-26-118,3
2,2016-01-26-130,1
2,2016-01-26-142,1
53,2016-01-26-46,1
53,2016-01-26-58,9
53,2016-01-26-70,1
53,2016-01-26-82,0
53,2016-01-26-94,0
53,2016-01-26-106,0
53,2016-01-26-118,0
53,2016-01-26-130,1
53,2016-01-26-142,0
41,2016-01-26-46,1
41,2016-01-26-58,2
41,2016-01-26-70,2
41,2016-01-26-82,2
41,2016-01-26-94,1
41,2016-01-26-106,0
41,2016-01-26-118,2
41,2016-01-26-130,0
41,2016-01-26-142,1
27,2016-01-26-46,20
27,2016-01-26-58,5
27,2016-01-26-70,5
27,2016-01-26-82,7
27,2016-01-26-94,9
27,2016-01-26-106,9
27,2016-01-26-118,11
27,2016-01-26-130,6
27,2016-01-26-142,2
32,2016-01-26-46,0
32,2016-01-26-58,0
32,2016-01-26-70,0
32,2016-01-26-82,0
32,2016-01-26-106,1
32,2016-01-26-118,0
32,2016-01-26-130,0
50,2016-01-28-46,0
50,2016-01-28-58,0
50,2016-01-28-70,0
50,2016-01-28-82,0
50,2016-01-28-94,0
50,2016-01-28-106,3
43,2016-01-28-46,0
43,2016-01-28-58,1
43,2016-01-28-70,0
43,2016-01-28-82,0
43,2016-01-28-94,0
43,2016-01-28-106,0
43,2016-01-28-118,0
43,2016-01-28-130,1
43,2016-01-28-142,0
63,2016-01-28-70,0
63,2016-01-28-82,1
63,2016-01-28-118,3
46,2016-01-28-46,428
46,2016-01-28-58,73
46,2016-01-28-70,67
46,2016-01-28-82,32
46,2016-01-28-94,4
46,2016-01-28-106,53
46,2016-01-28-118,5
46,2016-01-28-130,4
46,2016-01-28-142,2
56,2016-01-28-46,2
56,2016-01-28-58,0
56,2016-01-28-70,1
56,2016-01-28-82,0
56,2016-01-28-94,0
56,2016-01-28-106,1
56,2016-01-28-118,2
56,2016-01-28-130,0
6,2016-01-28-46,22
6,2016-01-28-58,31
6,2016-01-28-70,11
6,2016-01-28-82,11
6,2016-01-28-94,3
6,2016-01-28-106,0
6,2016-01-28-118,0
6,2016-01-28-130,0
6,2016-01-28-142,0
66,2016-01-28-46,0
66,2016-01-28-58,0
66,2016-01-28-70,0
66,2016-01-28-82,0
66,2016-01-28-94,1
66,2016-01-28-106,0
66,2016-01-28-118,0
66,2016-01-28-130,0
66,2016-01-28-142,0
31,2016-01-28-46,24
31,2016-01-28-58,4
31,2016-01-28-70,2
31,2016-01-28-82,1
31,2016-01-28-94,0
31,2016-01-28-106,4
31,2016-01-28-118,1
31,2016-01-28-130,1
31,2016-01-28-142,0
18,2016-01-28-46,2
18,2016-01-28-58,1
18,2016-01-28-70,5
18,2016-01-28-82,0
18,2016-01-28-94,4
18,2016-01-28-106,0
18,2016-01-28-118,1
18,2016-01-28-130,0
18,2016-01-28-142,2
28,2016-01-28-46,25
28,2016-01-28-58,10
28,2016-01-28-70,2
28,2016-01-28-82,7
28,2016-01-28-94,12
28,2016-01-28-106,48
28,2016-01-28-118,6
28,2016-01-28-130,17
28,2016-01-28-142,11
14,2016-01-28-46,123
14,2016-01-28-58,4
14,2016-01-28-70,7
14,2016-01-28-82,3
14,2016-01-28-94,18
14,2016-01-28-106,55
14,2016-01-28-118,5
14,2016-01-28-130,5
14,2016-01-28-142,2
16,2016-01-28-46,2
16,2016-01-28-58,12
16,2016-01-28-70,1
16,2016-01-28-82,0
16,2016-01-28-94,1
16,2016-01-28-106,0
16,2016-01-28-118,0
16,2016-01-28-130,0
16,2016-01-28-142,0
21,2016-01-28-46,7
21,2016-01-28-58,4
21,2016-01-28-70,4
21,2016-01-28-82,1
21,2016-01-28-94,2
21,2016-01-28-106,9
21,2016-01-28-118,4
21,2016-01-28-130,2
21,2016-01-28-142,4
24,2016-01-28-46,190
24,2016-01-28-58,108
24,2016-01-28-70,28
24,2016-01-28-82,22
24,2016-01-28-94,0
24,2016-01-28-106,8
24,2016-01-28-118,1
24,2016-01-28-130,1
24,2016-01-28-142,0
25,2016-01-28-46,2
25,2016-01-28-58,25
25,2016-01-28-70,1
25,2016-01-28-82,2
25,2016-01-28-94,0
25,2016-01-28-106,0
25,2016-01-28-118,0
25,2016-01-28-130,1
25,2016-01-28-142,0
47,2016-01-28-46,0
47,2016-01-28-58,14
47,2016-01-28-70,9
47,2016-01-28-82,0
47,2016-01-28-94,2
47,2016-01-28-106,1
47,2016-01-28-118,1
47,2016-01-28-130,0
47,2016-01-28-142,0
55,2016-01-28-46,0
55,2016-01-28-58,0
55,2016-01-28-70,0
55,2016-01-28-130,0
35,2016-01-28-46,1
35,2016-01-28-58,1
35,2016-01-28-70,0
35,2016-01-28-82,1
35,2016-01-28-94,1
35,2016-01-28-106,3
35,2016-01-28-118,4
35,2016-01-28-130,6
35,2016-01-28-142,0
23,2016-01-28-46,443
23,2016-01-28-58,67
23,2016-01-28-70,18
23,2016-01-28-82,7
23,2016-01-28-94,23
23,2016-01-28-106,327
23,2016-01-28-118,18
23,2016-01-28-130,27
23,2016-01-28-142,16
60,2016-01-28-82,0
60,2016-01-28-94,0
60,2016-01-28-106,0
60,2016-01-28-130,0
13,2016-01-28-46,5
13,2016-01-28-58,5
13,2016-01-28-70,2
13,2016-01-28-82,1
13,2016-01-28-94,1
13,2016-01-28-106,0
13,2016-01-28-118,0
13,2016-01-28-130,1
13,2016-01-28-142,0
5,2016-01-28-46,0
5,2016-01-28-58,2
5,2016-01-28-70,1
5,2016-01-28-82,0
5,2016-01-28-94,2
5,2016-01-28-106,0
5,2016-01-28-118,0
5,2016-01-28-130,0
5,2016-01-28-142,0
10,2016-01-28-46,2
10,2016-01-28-58,3
10,2016-01-28-70,0
10,2016-01-28-82,0
10,2016-01-28-94,0
10,2016-01-28-106,0
10,2016-01-28-118,1
38,2016-01-28-46,13
38,2016-01-28-58,24
38,2016-01-28-70,6
38,2016-01-28-82,3
38,2016-01-28-94,0
38,2016-01-28-106,0
38,2016-01-28-118,2
38,2016-01-28-130,0
38,2016-01-28-142,1
29,2016-01-28-46,14
29,2016-01-28-58,17
29,2016-01-28-70,8
29,2016-01-28-82,6
29,2016-01-28-94,1
29,2016-01-28-106,7
29,2016-01-28-118,1
29,2016-01-28-130,4
29,2016-01-28-142,0
33,2016-01-28-46,0
33,2016-01-28-58,0
33,2016-01-28-70,2
33,2016-01-28-82,0
33,2016-01-28-94,0
33,2016-01-28-106,0
33,2016-01-28-118,0
33,2016-01-28-130,0
33,2016-01-28-142,0
26,2016-01-28-46,6
26,2016-01-28-58,44
26,2016-01-28-70,2
26,2016-01-28-82,2
26,2016-01-28-94,2
26,2016-01-28-106,6
26,2016-01-28-118,8
26,2016-01-28-130,24
26,2016-01-28-142,2
3,2016-01-28-46,3
3,2016-01-28-58,3
3,2016-01-28-70,2
3,2016-01-28-82,1
3,2016-01-28-94,0
3,2016-01-28-106,2
3,2016-01-28-118,0
3,2016-01-28-130,0
3,2016-01-28-142,1
48,2016-01-28-46,83
48,2016-01-28-58,5
48,2016-01-28-70,4
48,2016-01-28-82,16
48,2016-01-28-94,59
48,2016-01-28-106,434
48,2016-01-28-118,7
48,2016-01-28-130,56
48,2016-01-28-142,14
39,2016-01-28-46,1
39,2016-01-28-58,0
39,2016-01-28-70,1
39,2016-01-28-82,0
39,2016-01-28-94,0
39,2016-01-28-106,1
39,2016-01-28-118,3
39,2016-01-28-130,1
39,2016-01-28-142,0
40,2016-01-28-46,1
40,2016-01-28-58,3
40,2016-01-28-70,1
40,2016-01-28-82,0
40,2016-01-28-94,0
40,2016-01-28-106,0
40,2016-01-28-118,1
40,2016-01-28-130,0
40,2016-01-28-142,0
12,2016-01-28-46,10
12,2016-01-28-58,1
12,2016-01-28-70,3
12,2016-01-28-82,6
12,2016-01-28-94,0
12,2016-01-28-106,6
12,2016-01-28-118,2
12,2016-01-28-130,6
12,2016-01-28-142,4
49,2016-01-28-46,0
49,2016-01-28-58,1
49,2016-01-28-70,4
49,2016-01-28-82,0
49,2016-01-28-94,0
49,2016-01-28-106,1
49,2016-01-28-118,0
49,2016-01-28-142,1
52,2016-01-28-46,0
52,2016-01-28-58,2
52,2016-01-28-82,1
52,2016-01-28-106,0
52,2016-01-28-118,0
65,2016-01-28-46,0
65,2016-01-28-58,0
65,2016-01-28-70,1
65,2016-01-28-82,1
65,2016-01-28-94,0
65,2016-01-28-106,3
65,2016-01-28-118,0
65,2016-01-28-130,0
65,2016-01-28-142,0
30,2016-01-28-46,5
30,2016-01-28-58,0
30,2016-01-28-70,1
30,2016-01-28-82,1
30,2016-01-28-94,0
30,2016-01-28-106,1
30,2016-01-28-118,1
30,2016-01-28-130,0
30,2016-01-28-142,1
8,2016-01-28-46,671
8,2016-01-28-58,86
8,2016-01-28-70,9
8,2016-01-28-82,38
8,2016-01-28-94,11
8,2016-01-28-106,533
8,2016-01-28-118,20
8,2016-01-28-130,58
8,2016-01-28-142,10
44,2016-01-28-46,9
44,2016-01-28-70,2
44,2016-01-28-94,0
44,2016-01-28-106,0
44,2016-01-28-118,1
22,2016-01-28-46,7
22,2016-01-28-58,5
22,2016-01-28-70,16
22,2016-01-28-82,7
22,2016-01-28-94,15
22,2016-01-28-106,25
22,2016-01-28-118,14
22,2016-01-28-130,16
22,2016-01-28-142,3
34,2016-01-28-46,7
34,2016-01-28-58,0
34,2016-01-28-70,1
34,2016-01-28-82,1
34,2016-01-28-94,1
34,2016-01-28-106,0
34,2016-01-28-118,0
34,2016-01-28-130,2
34,2016-01-28-142,1
1,2016-01-28-46,5
1,2016-01-28-58,4
1,2016-01-28-70,2
1,2016-01-28-82,2
1,2016-01-28-94,5
1,2016-01-28-106,12
1,2016-01-28-118,4
1,2016-01-28-130,7
1,2016-01-28-142,4
20,2016-01-28-46,15
20,2016-01-28-58,3
20,2016-01-28-70,4
20,2016-01-28-82,5
20,2016-01-28-94,1
20,2016-01-28-106,41
20,2016-01-28-118,5
20,2016-01-28-130,9
20,2016-01-28-142,2
7,2016-01-28-46,72
7,2016-01-28-58,8
7,2016-01-28-70,6
7,2016-01-28-82,13
7,2016-01-28-94,15
7,2016-01-28-106,623
7,2016-01-28-118,13
7,2016-01-28-130,122
7,2016-01-28-142,12
19,2016-01-28-46,7
19,2016-01-28-58,2
19,2016-01-28-70,5
19,2016-01-28-82,2
19,2016-01-28-94,2
19,2016-01-28-106,1
19,2016-01-28-118,0
19,2016-01-28-130,3
19,2016-01-28-142,2
62,2016-01-28-46,0
62,2016-01-28-58,3
62,2016-01-28-70,1
62,2016-01-28-82,0
62,2016-01-28-130,3
62,2016-01-28-142,2
17,2016-01-28-46,0
17,2016-01-28-58,0
17,2016-01-28-70,2
17,2016-01-28-82,1
17,2016-01-28-94,0
17,2016-01-28-106,1
17,2016-01-28-118,0
17,2016-01-28-130,0
17,2016-01-28-142,0
37,2016-01-28-46,309
37,2016-01-28-58,250
37,2016-01-28-70,8
37,2016-01-28-82,39
37,2016-01-28-94,7
37,2016-01-28-106,133
37,2016-01-28-118,6
37,2016-01-28-130,10
37,2016-01-28-142,5
4,2016-01-28-46,26
4,2016-01-28-58,74
4,2016-01-28-70,5
4,2016-01-28-82,10
4,2016-01-28-94,1
4,2016-01-28-106,4
4,2016-01-28-118,5
4,2016-01-28-130,11
4,2016-01-28-142,0
9,2016-01-28-46,1
9,2016-01-28-58,9
9,2016-01-28-70,5
9,2016-01-28-82,0
9,2016-01-28-94,0
9,2016-01-28-106,1
9,2016-01-28-118,1
9,2016-01-28-130,6
9,2016-01-28-142,1
57,2016-01-28-46,0
57,2016-01-28-58,1
57,2016-01-28-70,0
57,2016-01-28-82,0
57,2016-01-28-94,0
57,2016-01-28-106,0
57,2016-01-28-118,0
57,2016-01-28-130,1
57,2016-01-28-142,0
64,2016-01-28-46,1
64,2016-01-28-58,1
64,2016-01-28-70,0
64,2016-01-28-82,0
64,2016-01-28-94,0
64,2016-01-28-106,0
64,2016-01-28-118,0
64,2016-01-28-130,0
64,2016-01-28-142,0
54,2016-01-28-46,0
54,2016-01-28-58,2
54,2016-01-28-70,0
54,2016-01-28-82,0
54,2016-01-28-94,0
54,2016-01-28-106,0
54,2016-01-28-118,0
54,2016-01-28-130,0
54,2016-01-28-142,1
45,2016-01-28-46,0
45,2016-01-28-58,0
45,2016-01-28-70,0
45,2016-01-28-82,0
45,2016-01-28-94,1
45,2016-01-28-106,1
45,2016-01-28-118,0
45,2016-01-28-142,1
42,2016-01-28-46,5
42,2016-01-28-58,7
42,2016-01-28-70,8
42,2016-01-28-82,2
42,2016-01-28-94,3
42,2016-01-28-106,6
42,2016-01-28-118,3
42,2016-01-28-130,3
42,2016-01-28-142,3
58,2016-01-28-46,2
58,2016-01-28-58,4
58,2016-01-28-70,3
58,2016-01-28-82,0
58,2016-01-28-94,0
58,2016-01-28-106,1
58,2016-01-28-118,0
58,2016-01-28-130,1
58,2016-01-28-142,0
36,2016-01-28-46,2
36,2016-01-28-58,0
36,2016-01-28-70,1
36,2016-01-28-82,0
36,2016-01-28-94,2
36,2016-01-28-106,0
36,2016-01-28-118,0
36,2016-01-28-130,1
36,2016-01-28-142,0
51,2016-01-28-46,41
51,2016-01-28-58,7
51,2016-01-28-70,8
51,2016-01-28-82,14
51,2016-01-28-94,84
51,2016-01-28-106,1109
51,2016-01-28-118,26
51,2016-01-28-130,421
51,2016-01-28-142,89
59,2016-01-28-46,6
59,2016-01-28-58,0
59,2016-01-28-70,0
59,2016-01-28-94,1
59,2016-01-28-106,0
59,2016-01-28-118,0
59,2016-01-28-130,0
59,2016-01-28-142,1
15,2016-01-28-70,1
15,2016-01-28-106,0
11,2016-01-28-46,3
11,2016-01-28-58,1
11,2016-01-28-70,3
11,2016-01-28-82,1
11,2016-01-28-94,1
11,2016-01-28-106,3
11,2016-01-28-118,1
11,2016-01-28-130,2
11,2016-01-28-142,3
61,2016-01-28-46,0
61,2016-01-28-58,1
61,2016-01-28-70,0
61,2016-01-28-82,1
61,2016-01-28-106,0
61,2016-01-28-118,0
61,2016-01-28-130,0
2,2016-01-28-46,0
2,2016-01-28-58,0
2,2016-01-28-70,0
2,2016-01-28-82,0
2,2016-01-28-94,0
2,2016-01-28-106,0
2,2016-01-28-118,0
2,2016-01-28-130,4
2,2016-01-28-142,0
53,2016-01-28-46,3
53,2016-01-28-58,15
53,2016-01-28-70,3
53,2016-01-28-82,0
53,2016-01-28-94,1
53,2016-01-28-106,4
53,2016-01-28-118,0
53,2016-01-28-130,5
53,2016-01-28-142,0
41,2016-01-28-46,0
41,2016-01-28-58,7
41,2016-01-28-70,0
41,2016-01-28-82,1
41,2016-01-28-94,0
41,2016-01-28-106,0
41,2016-01-28-118,0
41,2016-01-28-130,1
41,2016-01-28-142,0
27,2016-01-28-46,43
27,2016-01-28-58,8
27,2016-01-28-70,20
27,2016-01-28-82,19
27,2016-01-28-94,5
27,2016-01-28-106,6
27,2016-01-28-118,6
27,2016-01-28-130,3
27,2016-01-28-142,11
32,2016-01-28-46,2
32,2016-01-28-58,0
32,2016-01-28-70,0
32,2016-01-28-82,6
32,2016-01-28-94,0
32,2016-01-28-106,0
32,2016-01-28-118,2
32,2016-01-28-130,0
32,2016-01-28-142,0
50,2016-01-30-46,1
50,2016-01-30-58,0
50,2016-01-30-70,1
50,2016-01-30-82,1
50,2016-01-30-94,0
50,2016-01-30-106,0
50,2016-01-30-118,1
50,2016-01-30-130,0
50,2016-01-30-142,2
43,2016-01-30-46,0
43,2016-01-30-58,0
43,2016-01-30-82,2
43,2016-01-30-94,1
43,2016-01-30-106,0
43,2016-01-30-118,2
43,2016-01-30-130,0
63,2016-01-30-118,1
46,2016-01-30-46,18
46,2016-01-30-58,214
46,2016-01-30-70,151
46,2016-01-30-82,114
46,2016-01-30-94,7
46,2016-01-30-106,5
46,2016-01-30-118,1
46,2016-01-30-130,3
46,2016-01-30-142,1
56,2016-01-30-46,0
56,2016-01-30-58,0
56,2016-01-30-70,2
56,2016-01-30-82,1
56,2016-01-30-94,0
56,2016-01-30-106,1
56,2016-01-30-118,2
56,2016-01-30-130,0
56,2016-01-30-142,0
6,2016-01-30-46,5
6,2016-01-30-58,26
6,2016-01-30-70,8
6,2016-01-30-82,5
6,2016-01-30-94,6
6,2016-01-30-106,0
6,2016-01-30-118,1
6,2016-01-30-130,0
6,2016-01-30-142,0
66,2016-01-30-46,1
66,2016-01-30-58,0
66,2016-01-30-70,0
66,2016-01-30-82,0
66,2016-01-30-94,0
66,2016-01-30-106,1
66,2016-01-30-118,0
66,2016-01-30-130,2
66,2016-01-30-142,0
31,2016-01-30-46,0
31,2016-01-30-58,0
31,2016-01-30-70,2
31,2016-01-30-82,3
31,2016-01-30-94,8
31,2016-01-30-106,6
31,2016-01-30-118,7
31,2016-01-30-130,2
31,2016-01-30-142,1
18,2016-01-30-46,3
18,2016-01-30-58,0
18,2016-01-30-70,2
18,2016-01-30-82,1
18,2016-01-30-94,1
18,2016-01-30-106,1
18,2016-01-30-118,0
18,2016-01-30-130,1
18,2016-01-30-142,1
28,2016-01-30-46,17
28,2016-01-30-58,4
28,2016-01-30-70,14
28,2016-01-30-82,30
28,2016-01-30-94,11
28,2016-01-30-106,23
28,2016-01-30-118,20
28,2016-01-30-130,6
28,2016-01-30-142,4
14,2016-01-30-46,6
14,2016-01-30-58,4
14,2016-01-30-70,24
14,2016-01-30-82,50
14,2016-01-30-94,38
14,2016-01-30-106,78
14,2016-01-30-118,7
14,2016-01-30-130,11
14,2016-01-30-142,1
16,2016-01-30-46,0
16,2016-01-30-58,3
16,2016-01-30-70,1
16,2016-01-30-82,0
16,2016-01-30-94,2
16,2016-01-30-106,1
16,2016-01-30-118,0
16,2016-01-30-130,0
16,2016-01-30-142,0
21,2016-01-30-46,1
21,2016-01-30-58,3
21,2016-01-30-70,5
21,2016-01-30-82,6
21,2016-01-30-94,1
21,2016-01-30-106,3
21,2016-01-30-118,2
21,2016-01-30-130,0
21,2016-01-30-142,2
24,2016-01-30-46,7
24,2016-01-30-58,70
24,2016-01-30-70,155
24,2016-01-30-82,63
24,2016-01-30-94,2
24,2016-01-30-106,2
24,2016-01-30-118,4
24,2016-01-30-130,7
24,2016-01-30-142,3
25,2016-01-30-46,0
25,2016-01-30-58,4
25,2016-01-30-70,0
25,2016-01-30-82,0
25,2016-01-30-94,1
25,2016-01-30-106,2
25,2016-01-30-118,0
25,2016-01-30-130,2
25,2016-01-30-142,0
47,2016-01-30-46,0
47,2016-01-30-58,0
47,2016-01-30-70,1
47,2016-01-30-82,10
47,2016-01-30-94,0
47,2016-01-30-106,0
47,2016-01-30-118,0
47,2016-01-30-130,0
47,2016-01-30-142,0
55,2016-01-30-58,0
55,2016-01-30-70,0
55,2016-01-30-82,0
55,2016-01-30-94,0
55,2016-01-30-106,0
55,2016-01-30-118,0
55,2016-01-30-130,0
55,2016-01-30-142,0
35,2016-01-30-46,0
35,2016-01-30-58,0
35,2016-01-30-70,0
35,2016-01-30-82,0
35,2016-01-30-94,0
35,2016-01-30-106,1
35,2016-01-30-118,1
35,2016-01-30-130,0
35,2016-01-30-142,0
23,2016-01-30-46,37
23,2016-01-30-58,45
23,2016-01-30-70,43
23,2016-01-30-82,223
23,2016-01-30-94,20
23,2016-01-30-106,19
23,2016-01-30-118,13
23,2016-01-30-130,97
23,2016-01-30-142,14
60,2016-01-30-58,0
60,2016-01-30-82,0
60,2016-01-30-94,0
60,2016-01-30-106,0
60,2016-01-30-118,0
60,2016-01-30-130,3
13,2016-01-30-46,1
13,2016-01-30-58,0
13,2016-01-30-70,0
13,2016-01-30-82,0
13,2016-01-30-94,1
13,2016-01-30-106,3
13,2016-01-30-118,3
13,2016-01-30-130,1
13,2016-01-30-142,0
5,2016-01-30-46,1
5,2016-01-30-58,3
5,2016-01-30-70,0
5,2016-01-30-82,0
5,2016-01-30-94,0
5,2016-01-30-106,1
5,2016-01-30-118,1
5,2016-01-30-130,0
5,2016-01-30-142,0
10,2016-01-30-46,0
10,2016-01-30-58,3
10,2016-01-30-70,1
10,2016-01-30-82,4
10,2016-01-30-94,2
10,2016-01-30-106,2
10,2016-01-30-118,0
10,2016-01-30-130,0
38,2016-01-30-46,1
38,2016-01-30-58,4
38,2016-01-30-70,10
38,2016-01-30-82,6
38,2016-01-30-94,0
38,2016-01-30-106,1
38,2016-01-30-118,1
38,2016-01-30-130,0
38,2016-01-30-142,2
29,2016-01-30-46,2
29,2016-01-30-58,3
29,2016-01-30-70,4
29,2016-01-30-82,5
29,2016-01-30-94,1
29,2016-01-30-106,2
29,2016-01-30-118,5
29,2016-01-30-130,3
29,2016-01-30-142,0
33,2016-01-30-46,0
33,2016-01-30-58,0
33,2016-01-30-70,1
33,2016-01-30-82,1
33,2016-01-30-94,0
33,2016-01-30-106,0
33,2016-01-30-118,0
33,2016-01-30-130,0
33,2016-01-30-142,5
26,2016-01-30-46,28
26,2016-01-30-58,6
26,2016-01-30-70,9
26,2016-01-30-82,26
26,2016-01-30-94,11
26,2016-01-30-106,1
26,2016-01-30-118,4
26,2016-01-30-130,1
26,2016-01-30-142,0
3,2016-01-30-46,0
3,2016-01-30-58,0
3,2016-01-30-70,0
3,2016-01-30-82,0
3,2016-01-30-94,1
3,2016-01-30-106,0
3,2016-01-30-118,0
3,2016-01-30-130,1
3,2016-01-30-142,0
48,2016-01-30-46,6
48,2016-01-30-58,1
48,2016-01-30-70,6
48,2016-01-30-82,64
48,2016-01-30-94,117
48,2016-01-30-106,318
48,2016-01-30-118,23
48,2016-01-30-130,64
48,2016-01-30-142,6
39,2016-01-30-46,2
39,2016-01-30-70,1
39,2016-01-30-82,1
39,2016-01-30-94,0
39,2016-01-30-106,4
39,2016-01-30-118,1
39,2016-01-30-130,5
39,2016-01-30-142,7
40,2016-01-30-46,2
40,2016-01-30-58,1
40,2016-01-30-70,2
40,2016-01-30-82,5
40,2016-01-30-94,2
40,2016-01-30-106,0
40,2016-01-30-118,0
40,2016-01-30-130,3
40,2016-01-30-142,1
12,2016-01-30-46,5
12,2016-01-30-58,0
12,2016-01-30-70,5
12,2016-01-30-82,3
12,2016-01-30-94,4
12,2016-01-30-106,8
12,2016-01-30-118,3
12,2016-01-30-130,4
12,2016-01-30-142,5
49,2016-01-30-46,2
49,2016-01-30-58,0
49,2016-01-30-70,0
49,2016-01-30-82,0
49,2016-01-30-94,2
49,2016-01-30-106,0
49,2016-01-30-118,0
52,2016-01-30-58,2
52,2016-01-30-70,0
52,2016-01-30-82,0
52,2016-01-30-94,0
52,2016-01-30-106,0
52,2016-01-30-118,0
52,2016-01-30-130,0
65,2016-01-30-58,0
65,2016-01-30-70,1
65,2016-01-30-82,0
65,2016-01-30-94,0
65,2016-01-30-106,0
65,2016-01-30-118,0
65,2016-01-30-130,0
30,2016-01-30-46,0
30,2016-01-30-58,0
30,2016-01-30-70,4
30,2016-01-30-82,4
30,2016-01-30-94,0
30,2016-01-30-106,0
30,2016-01-30-118,0
30,2016-01-30-130,0
8,2016-01-30-46,66
8,2016-01-30-58,68
8,2016-01-30-70,147
8,2016-01-30-82,223
8,2016-01-30-94,39
8,2016-01-30-106,23
8,2016-01-30-118,6
8,2016-01-30-130,146
8,2016-01-30-142,5
44,2016-01-30-46,1
44,2016-01-30-58,0
44,2016-01-30-70,4
44,2016-01-30-94,0
44,2016-01-30-106,2
22,2016-01-30-46,10
22,2016-01-30-58,6
22,2016-01-30-70,13
22,2016-01-30-82,11
22,2016-01-30-94,16
22,2016-01-30-106,20
22,2016-01-30-118,15
22,2016-01-30-130,23
22,2016-01-30-142,10
34,2016-01-30-46,4
34,2016-01-30-58,1
34,2016-01-30-70,1
34,2016-01-30-82,1
34,2016-01-30-94,1
34,2016-01-30-106,1
34,2016-01-30-118,0
34,2016-01-30-130,1
34,2016-01-30-142,1
1,2016-01-30-46,4
1,2016-01-30-58,4
1,2016-01-30-70,6
1,2016-01-30-82,2
1,2016-01-30-94,6
1,2016-01-30-106,8
1,2016-01-30-118,5
1,2016-01-30-130,6
1,2016-01-30-142,2
20,2016-01-30-46,2
20,2016-01-30-58,11
20,2016-01-30-70,19
20,2016-01-30-82,16
20,2016-01-30-94,8
20,2016-01-30-106,11
20,2016-01-30-118,1
20,2016-01-30-130,3
20,2016-01-30-142,0
7,2016-01-30-46,9
7,2016-01-30-58,8
7,2016-01-30-70,15
7,2016-01-30-82,85
7,2016-01-30-94,121
7,2016-01-30-106,154
7,2016-01-30-118,5
7,2016-01-30-130,19
7,2016-01-30-142,3
19,2016-01-30-46,1
19,2016-01-30-58,1
19,2016-01-30-70,1
19,2016-01-30-82,2
19,2016-01-30-94,2
19,2016-01-30-106,3
19,2016-01-30-118,3
19,2016-01-30-130,1
19,2016-01-30-142,3
62,2016-01-30-58,1
62,2016-01-30-70,2
62,2016-01-30-82,1
62,2016-01-30-94,0
62,2016-01-30-130,1
17,2016-01-30-46,2
17,2016-01-30-58,0
17,2016-01-30-70,0
17,2016-01-30-82,0
17,2016-01-30-94,0
17,2016-01-30-106,0
17,2016-01-30-130,0
37,2016-01-30-46,33
37,2016-01-30-58,77
37,2016-01-30-70,206
37,2016-01-30-82,156
37,2016-01-30-94,29
37,2016-01-30-106,15
37,2016-01-30-118,7
37,2016-01-30-130,20
37,2016-01-30-142,1
4,2016-01-30-46,3
4,2016-01-30-58,14
4,2016-01-30-70,14
4,2016-01-30-82,28
4,2016-01-30-94,16
4,2016-01-30-106,2
4,2016-01-30-118,1
4,2016-01-30-130,19
4,2016-01-30-142,1
9,2016-01-30-46,2
9,2016-01-30-58,1
9,2016-01-30-70,0
9,2016-01-30-82,3
9,2016-01-30-94,9
9,2016-01-30-106,2
9,2016-01-30-118,1
9,2016-01-30-130,1
9,2016-01-30-142,0
57,2016-01-30-46,1
57,2016-01-30-58,0
57,2016-01-30-70,0
57,2016-01-30-82,1
57,2016-01-30-94,0
57,2016-01-30-106,0
57,2016-01-30-118,0
57,2016-01-30-130,0
57,2016-01-30-142,0
64,2016-01-30-46,0
64,2016-01-30-58,0
64,2016-01-30-70,1
64,2016-01-30-82,0
64,2016-01-30-94,0
64,2016-01-30-106,0
64,2016-01-30-118,1
64,2016-01-30-130,0
64,2016-01-30-142,0
54,2016-01-30-46,1
54,2016-01-30-58,2
54,2016-01-30-70,2
54,2016-01-30-82,1
54,2016-01-30-94,3
54,2016-01-30-106,1
54,2016-01-30-118,2
54,2016-01-30-130,1
54,2016-01-30-142,0
45,2016-01-30-46,0
45,2016-01-30-58,1
45,2016-01-30-70,0
45,2016-01-30-82,2
45,2016-01-30-94,2
45,2016-01-30-106,1
45,2016-01-30-118,0
45,2016-01-30-130,0
42,2016-01-30-46,2
42,2016-01-30-58,0
42,2016-01-30-70,0
42,2016-01-30-82,3
42,2016-01-30-94,3
42,2016-01-30-106,3
42,2016-01-30-118,2
42,2016-01-30-130,2
42,2016-01-30-142,2
58,2016-01-30-46,3
58,2016-01-30-58,0
58,2016-01-30-70,1
58,2016-01-30-82,3
58,2016-01-30-94,1
58,2016-01-30-106,0
58,2016-01-30-118,1
36,2016-01-30-46,0
36,2016-01-30-58,0
36,2016-01-30-70,2
36,2016-01-30-82,1
36,2016-01-30-94,0
36,2016-01-30-106,2
36,2016-01-30-118,1
36,2016-01-30-130,0
36,2016-01-30-142,0
51,2016-01-30-46,11
51,2016-01-30-58,14
51,2016-01-30-70,19
51,2016-01-30-82,84
51,2016-01-30-94,240
51,2016-01-30-106,565
51,2016-01-30-118,33
51,2016-01-30-130,553
51,2016-01-30-142,186
59,2016-01-30-46,0
59,2016-01-30-58,1
59,2016-01-30-70,0
59,2016-01-30-82,0
59,2016-01-30-94,1
59,2016-01-30-106,0
59,2016-01-30-118,0
59,2016-01-30-130,0
11,2016-01-30-46,0
11,2016-01-30-58,2
11,2016-01-30-70,1
11,2016-01-30-82,6
11,2016-01-30-94,0
11,2016-01-30-106,1
11,2016-01-30-118,1
11,2016-01-30-130,1
11,2016-01-30-142,0
61,2016-01-30-46,1
61,2016-01-30-70,5
61,2016-01-30-82,0
61,2016-01-30-94,5
61,2016-01-30-106,1
61,2016-01-30-130,1
61,2016-01-30-142,0
2,2016-01-30-46,1
2,2016-01-30-58,0
2,2016-01-30-70,1
2,2016-01-30-82,1
2,2016-01-30-94,1
2,2016-01-30-106,0
2,2016-01-30-118,1
2,2016-01-30-130,1
2,2016-01-30-142,0
53,2016-01-30-46,0
53,2016-01-30-58,1
53,2016-01-30-70,0
53,2016-01-30-82,8
53,2016-01-30-94,1
53,2016-01-30-106,1
53,2016-01-30-118,0
53,2016-01-30-130,0
53,2016-01-30-142,0
41,2016-01-30-46,0
41,2016-01-30-58,3
41,2016-01-30-70,0
41,2016-01-30-82,1
41,2016-01-30-94,3
41,2016-01-30-106,1
41,2016-01-30-118,0
41,2016-01-30-130,0
41,2016-01-30-142,6
27,2016-01-30-46,3
27,2016-01-30-58,14
27,2016-01-30-70,13
27,2016-01-30-82,26
27,2016-01-30-94,21
27,2016-01-30-106,8
27,2016-01-30-118,2
27,2016-01-30-130,6
27,2016-01-30-142,0
32,2016-01-30-46,1
32,2016-01-30-58,1
32,2016-01-30-70,0
32,2016-01-30-82,0
32,2016-01-30-94,0
32,2016-01-30-106,1
32,2016-01-30-118,1
32,2016-01-30-130,2
32,2016-01-30-142,0
